date ,start_time,stop_time,frag_ID,species,sample_ID,FileID_csv,light_dark,run_block,blank ,chamber_channel,Light_level,Light_value
7/30/25,16:28,16:46,A01,Pcyl,A01_PI,A01_PI_O2.csv,LIGHT,RUN1,0,1,1,0
7/30/25,16:28,16:46,E01,Peyo,E01_PI,E01_PI_O2.csv,LIGHT,RUN1,0,2,1,0
7/30/25,16:28,16:46,D01,Prus,D01_PI,D01_PI_O2.csv,LIGHT,RUN1,0,3,1,0
7/30/25,16:28,16:46,I01,Tfro,I01_PI,I01_PI_O2.csv,LIGHT,RUN1,0,4,1,0
7/30/25,16:28,16:46,BLANK02_Run1,BLANK,BLANK02_Run1_PI,BLANK02_Run1_PI_O2.csv,LIGHT,RUN1,1,5,1,0
7/30/25,16:28,16:46,B01,Mvie,B01_PI,B01_PI_O2.csv,LIGHT,RUN1,0,6,1,0
7/30/25,16:28,16:46,C01,Fcom,C01_PI,C01_PI_O2.csv,LIGHT,RUN1,0,7,1,0
7/30/25,16:28,16:46,J01,Ahya,J01_PI,J01_PI_O2.csv,LIGHT,RUN1,0,8,1,0
7/30/25,16:28,16:46,G01,Elam,G01_PI,G01_PI_O2.csv,LIGHT,RUN1,0,9,1,0
7/30/25,16:28,16:46,F01,Prug,F01_PI,F01_PI_O2.csv,LIGHT,RUN1,0,10,1,0
7/30/25,16:28,16:46,H01,Maeq,H01_PI,H01_PI_O2.csv,LIGHT,RUN1,0,11,1,0
7/30/25,16:28,16:46,BLANK01_Run1,BLANK,BLANK01_Run1_PI,BLANK01_Run1_PI_O2.csv,LIGHT,RUN1,1,12,1,0
7/30/25,16:52,17:07,A01,Pcyl,A01_PI,A01_PI_O2.csv,LIGHT,RUN1,0,1,2,51
7/30/25,16:52,17:07,E01,Peyo,E01_PI,E01_PI_O2.csv,LIGHT,RUN1,0,2,2,51
7/30/25,16:52,17:07,D01,Prus,D01_PI,D01_PI_O2.csv,LIGHT,RUN1,0,3,2,51
7/30/25,16:52,17:07,I01,Tfro,I01_PI,I01_PI_O2.csv,LIGHT,RUN1,0,4,2,51
7/30/25,16:52,17:07,BLANK02_Run1,BLANK,BLANK02_Run1_PI,BLANK02_Run1_PI_O2.csv,LIGHT,RUN1,1,5,2,51
7/30/25,16:52,17:07,B01,Mvie,B01_PI,B01_PI_O2.csv,LIGHT,RUN1,0,6,2,51
7/30/25,16:52,17:07,C01,Fcom,C01_PI,C01_PI_O2.csv,LIGHT,RUN1,0,7,2,51
7/30/25,16:52,17:07,J01,Ahya,J01_PI,J01_PI_O2.csv,LIGHT,RUN1,0,8,2,51
7/30/25,16:52,17:07,G01,Elam,G01_PI,G01_PI_O2.csv,LIGHT,RUN1,0,9,2,51
7/30/25,16:52,17:07,F01,Prug,F01_PI,F01_PI_O2.csv,LIGHT,RUN1,0,10,2,51
7/30/25,16:52,17:07,H01,Maeq,H01_PI,H01_PI_O2.csv,LIGHT,RUN1,0,11,2,51
7/30/25,16:52,17:07,BLANK01_Run1,BLANK,BLANK01_Run1_PI,BLANK01_Run1_PI_O2.csv,LIGHT,RUN1,1,12,2,51
7/30/25,17:09,17:24,A01,Pcyl,A01_PI,A01_PI_O2.csv,LIGHT,RUN1,0,1,3,98
7/30/25,17:09,17:24,E01,Peyo,E01_PI,E01_PI_O2.csv,LIGHT,RUN1,0,2,3,98
7/30/25,17:09,17:24,D01,Prus,D01_PI,D01_PI_O2.csv,LIGHT,RUN1,0,3,3,98
7/30/25,17:09,17:24,I01,Tfro,I01_PI,I01_PI_O2.csv,LIGHT,RUN1,0,4,3,98
7/30/25,17:09,17:24,BLANK02_Run1,BLANK,BLANK02_Run1_PI,BLANK02_Run1_PI_O2.csv,LIGHT,RUN1,1,5,3,98
7/30/25,17:09,17:24,B01,Mvie,B01_PI,B01_PI_O2.csv,LIGHT,RUN1,0,6,3,98
7/30/25,17:09,17:24,C01,Fcom,C01_PI,C01_PI_O2.csv,LIGHT,RUN1,0,7,3,98
7/30/25,17:09,17:24,J01,Ahya,J01_PI,J01_PI_O2.csv,LIGHT,RUN1,0,8,3,98
7/30/25,17:09,17:24,G01,Elam,G01_PI,G01_PI_O2.csv,LIGHT,RUN1,0,9,3,98
7/30/25,17:09,17:24,F01,Prug,F01_PI,F01_PI_O2.csv,LIGHT,RUN1,0,10,3,98
7/30/25,17:09,17:24,H01,Maeq,H01_PI,H01_PI_O2.csv,LIGHT,RUN1,0,11,3,98
7/30/25,17:09,17:24,BLANK01_Run1,BLANK,BLANK01_Run1_PI,BLANK01_Run1_PI_O2.csv,LIGHT,RUN1,1,12,3,98
7/30/25,17:44,17:59,A01,Pcyl,A01_PI,A01_PI_O2.csv,LIGHT,RUN1,0,1,4,198
7/30/25,17:44,17:59,E01,Peyo,E01_PI,E01_PI_O2.csv,LIGHT,RUN1,0,2,4,198
7/30/25,17:44,17:59,D01,Prus,D01_PI,D01_PI_O2.csv,LIGHT,RUN1,0,3,4,198
7/30/25,17:44,17:59,I01,Tfro,I01_PI,I01_PI_O2.csv,LIGHT,RUN1,0,4,4,198
7/30/25,17:44,17:59,BLANK02_Run1,BLANK,BLANK02_Run1_PI,BLANK02_Run1_PI_O2.csv,LIGHT,RUN1,1,5,4,198
7/30/25,17:44,17:59,B01,Mvie,B01_PI,B01_PI_O2.csv,LIGHT,RUN1,0,6,4,198
7/30/25,17:44,17:59,C01,Fcom,C01_PI,C01_PI_O2.csv,LIGHT,RUN1,0,7,4,198
7/30/25,17:44,17:59,J01,Ahya,J01_PI,J01_PI_O2.csv,LIGHT,RUN1,0,8,4,198
7/30/25,17:44,17:59,G01,Elam,G01_PI,G01_PI_O2.csv,LIGHT,RUN1,0,9,4,198
7/30/25,17:44,17:59,F01,Prug,F01_PI,F01_PI_O2.csv,LIGHT,RUN1,0,10,4,198
7/30/25,17:44,17:59,H01,Maeq,H01_PI,H01_PI_O2.csv,LIGHT,RUN1,0,11,4,198
7/30/25,17:44,17:59,BLANK01_Run1,BLANK,BLANK01_Run1_PI,BLANK01_Run1_PI_O2.csv,LIGHT,RUN1,1,12,4,198
7/30/25,18:05,18:20,A01,Pcyl,A01_PI,A01_PI_O2.csv,LIGHT,RUN1,0,1,5,302
7/30/25,18:05,18:20,E01,Peyo,E01_PI,E01_PI_O2.csv,LIGHT,RUN1,0,2,5,302
7/30/25,18:05,18:20,D01,Prus,D01_PI,D01_PI_O2.csv,LIGHT,RUN1,0,3,5,302
7/30/25,18:05,18:20,I01,Tfro,I01_PI,I01_PI_O2.csv,LIGHT,RUN1,0,4,5,302
7/30/25,18:05,18:20,BLANK02_Run1,BLANK,BLANK02_Run1_PI,BLANK02_Run1_PI_O2.csv,LIGHT,RUN1,1,5,5,302
7/30/25,18:05,18:20,B01,Mvie,B01_PI,B01_PI_O2.csv,LIGHT,RUN1,0,6,5,302
7/30/25,18:05,18:20,C01,Fcom,C01_PI,C01_PI_O2.csv,LIGHT,RUN1,0,7,5,302
7/30/25,18:05,18:20,J01,Ahya,J01_PI,J01_PI_O2.csv,LIGHT,RUN1,0,8,5,302
7/30/25,18:05,18:20,G01,Elam,G01_PI,G01_PI_O2.csv,LIGHT,RUN1,0,9,5,302
7/30/25,18:05,18:20,F01,Prug,F01_PI,F01_PI_O2.csv,LIGHT,RUN1,0,10,5,302
7/30/25,18:05,18:20,H01,Maeq,H01_PI,H01_PI_O2.csv,LIGHT,RUN1,0,11,5,302
7/30/25,18:05,18:20,BLANK01_Run1,BLANK,BLANK01_Run1_PI,BLANK01_Run1_PI_O2.csv,LIGHT,RUN1,1,12,5,302
7/30/25,18:30,18:47,A01,Pcyl,A01_PI,A01_PI_O2.csv,LIGHT,RUN1,0,1,6,404
7/30/25,18:30,18:47,E01,Peyo,E01_PI,E01_PI_O2.csv,LIGHT,RUN1,0,2,6,404
7/30/25,18:30,18:47,D01,Prus,D01_PI,D01_PI_O2.csv,LIGHT,RUN1,0,3,6,404
7/30/25,18:30,18:47,I01,Tfro,I01_PI,I01_PI_O2.csv,LIGHT,RUN1,0,4,6,404
7/30/25,18:30,18:47,BLANK02_Run1,BLANK,BLANK02_Run1_PI,BLANK02_Run1_PI_O2.csv,LIGHT,RUN1,1,5,6,404
7/30/25,18:30,18:47,B01,Mvie,B01_PI,B01_PI_O2.csv,LIGHT,RUN1,0,6,6,404
7/30/25,18:30,18:47,C01,Fcom,C01_PI,C01_PI_O2.csv,LIGHT,RUN1,0,7,6,404
7/30/25,18:30,18:47,J01,Ahya,J01_PI,J01_PI_O2.csv,LIGHT,RUN1,0,8,6,404
7/30/25,18:30,18:47,G01,Elam,G01_PI,G01_PI_O2.csv,LIGHT,RUN1,0,9,6,404
7/30/25,18:30,18:47,F01,Prug,F01_PI,F01_PI_O2.csv,LIGHT,RUN1,0,10,6,404
7/30/25,18:30,18:47,H01,Maeq,H01_PI,H01_PI_O2.csv,LIGHT,RUN1,0,11,6,404
7/30/25,18:30,18:47,BLANK01_Run1,BLANK,BLANK01_Run1_PI,BLANK01_Run1_PI_O2.csv,LIGHT,RUN1,1,12,6,404
7/30/25,18:54,19:09,A01,Pcyl,A01_PI,A01_PI_O2.csv,LIGHT,RUN1,0,1,7,502
7/30/25,18:54,19:09,E01,Peyo,E01_PI,E01_PI_O2.csv,LIGHT,RUN1,0,2,7,502
7/30/25,18:54,19:09,D01,Prus,D01_PI,D01_PI_O2.csv,LIGHT,RUN1,0,3,7,502
7/30/25,18:54,19:09,I01,Tfro,I01_PI,I01_PI_O2.csv,LIGHT,RUN1,0,4,7,502
7/30/25,18:54,19:09,BLANK02_Run1,BLANK,BLANK02_Run1_PI,BLANK02_Run1_PI_O2.csv,LIGHT,RUN1,1,5,7,502
7/30/25,18:54,19:09,B01,Mvie,B01_PI,B01_PI_O2.csv,LIGHT,RUN1,0,6,7,502
7/30/25,18:54,19:09,C01,Fcom,C01_PI,C01_PI_O2.csv,LIGHT,RUN1,0,7,7,502
7/30/25,18:54,19:09,J01,Ahya,J01_PI,J01_PI_O2.csv,LIGHT,RUN1,0,8,7,502
7/30/25,18:54,19:09,G01,Elam,G01_PI,G01_PI_O2.csv,LIGHT,RUN1,0,9,7,502
7/30/25,18:54,19:09,F01,Prug,F01_PI,F01_PI_O2.csv,LIGHT,RUN1,0,10,7,502
7/30/25,18:54,19:09,H01,Maeq,H01_PI,H01_PI_O2.csv,LIGHT,RUN1,0,11,7,502
7/30/25,18:54,19:09,BLANK01_Run1,BLANK,BLANK01_Run1_PI,BLANK01_Run1_PI_O2.csv,LIGHT,RUN1,1,12,7,502
7/30/25,19:17,19:33,A01,Pcyl,A01_PI,A01_PI_O2.csv,LIGHT,RUN1,0,1,8,604
7/30/25,19:17,19:33,E01,Peyo,E01_PI,E01_PI_O2.csv,LIGHT,RUN1,0,2,8,604
7/30/25,19:17,19:33,D01,Prus,D01_PI,D01_PI_O2.csv,LIGHT,RUN1,0,3,8,604
7/30/25,19:17,19:33,I01,Tfro,I01_PI,I01_PI_O2.csv,LIGHT,RUN1,0,4,8,604
7/30/25,19:17,19:33,BLANK02_Run1,BLANK,BLANK02_Run1_PI,BLANK02_Run1_PI_O2.csv,LIGHT,RUN1,1,5,8,604
7/30/25,19:17,19:33,B01,Mvie,B01_PI,B01_PI_O2.csv,LIGHT,RUN1,0,6,8,604
7/30/25,19:17,19:33,C01,Fcom,C01_PI,C01_PI_O2.csv,LIGHT,RUN1,0,7,8,604
7/30/25,19:17,19:33,J01,Ahya,J01_PI,J01_PI_O2.csv,LIGHT,RUN1,0,8,8,604
7/30/25,19:17,19:33,G01,Elam,G01_PI,G01_PI_O2.csv,LIGHT,RUN1,0,9,8,604
7/30/25,19:17,19:33,F01,Prug,F01_PI,F01_PI_O2.csv,LIGHT,RUN1,0,10,8,604
7/30/25,19:17,19:33,H01,Maeq,H01_PI,H01_PI_O2.csv,LIGHT,RUN1,0,11,8,604
7/30/25,19:17,19:33,BLANK01_Run1,BLANK,BLANK01_Run1_PI,BLANK01_Run1_PI_O2.csv,LIGHT,RUN1,1,12,8,604
7/31/25,8:27,8:42,G02,Elam,G02_PI,G02_PI_O2.csv,LIGHT,RUN2,0,1,1,0
7/31/25,8:27,8:42,H02,Maeq,H02_PI,H02_PI_O2.csv,LIGHT,RUN2,0,2,1,0
7/31/25,8:27,8:42,J02,Ahya,J02_PI,J02_PI_O2.csv,LIGHT,RUN2,0,3,1,0
7/31/25,8:27,8:42,BLANK01_Run2,BLANK,BLANK01_Run2_PI,BLANK01_Run2_PI_O2.csv,LIGHT,RUN2,1,4,1,0
7/31/25,8:27,8:42,D02,Prus,D02_PI,D02_PI_O2.csv,LIGHT,RUN2,0,5,1,0
7/31/25,8:27,8:42,C02,Fcom,C02_PI,C02_PI_O2.csv,LIGHT,RUN2,0,6,1,0
7/31/25,8:27,8:42,I02,Tfro,I02_PI,I02_PI_O2.csv,LIGHT,RUN2,0,7,1,0
7/31/25,8:27,8:42,A02,Pcyl,A02_PI,A02_PI_O2.csv,LIGHT,RUN2,0,8,1,0
7/31/25,8:27,8:42,E02,Peyo,E02_PI,E02_PI_O2.csv,LIGHT,RUN2,0,9,1,0
7/31/25,8:27,8:42,B02,Mvie,B02_PI,B02_PI_O2.csv,LIGHT,RUN2,0,10,1,0
7/31/25,8:27,8:42,BLANK02_Run2,BLANK,BLANK02_Run2_PI,BLANK02_Run2_PI_O2.csv,LIGHT,RUN2,1,11,1,0
7/31/25,8:27,8:42,F02,Prug,F02_PI,F02_PI_O2.csv,LIGHT,RUN2,0,12,1,0
7/31/25,8:45,9:02,G02,Elam,G02_PI,G02_PI_O2.csv,LIGHT,RUN2,0,1,2,51
7/31/25,8:45,9:02,H02,Maeq,H02_PI,H02_PI_O2.csv,LIGHT,RUN2,0,2,2,51
7/31/25,8:45,9:02,J02,Ahya,J02_PI,J02_PI_O2.csv,LIGHT,RUN2,0,3,2,51
7/31/25,8:45,9:02,BLANK01_Run2,BLANK,BLANK01_Run2_PI,BLANK01_Run2_PI_O2.csv,LIGHT,RUN2,1,4,2,51
7/31/25,8:45,9:02,D02,Prus,D02_PI,D02_PI_O2.csv,LIGHT,RUN2,0,5,2,51
7/31/25,8:45,9:02,C02,Fcom,C02_PI,C02_PI_O2.csv,LIGHT,RUN2,0,6,2,51
7/31/25,8:45,9:02,I02,Tfro,I02_PI,I02_PI_O2.csv,LIGHT,RUN2,0,7,2,51
7/31/25,8:45,9:02,A02,Pcyl,A02_PI,A02_PI_O2.csv,LIGHT,RUN2,0,8,2,51
7/31/25,8:45,9:02,E02,Peyo,E02_PI,E02_PI_O2.csv,LIGHT,RUN2,0,9,2,51
7/31/25,8:45,9:02,B02,Mvie,B02_PI,B02_PI_O2.csv,LIGHT,RUN2,0,10,2,51
7/31/25,8:45,9:02,BLANK02_Run2,BLANK,BLANK02_Run2_PI,BLANK02_Run2_PI_O2.csv,LIGHT,RUN2,1,11,2,51
7/31/25,8:45,9:02,F02,Prug,F02_PI,F02_PI_O2.csv,LIGHT,RUN2,0,12,2,51
7/31/25,9:05,9:22,G02,Elam,G02_PI,G02_PI_O2.csv,LIGHT,RUN2,0,1,3,100
7/31/25,9:05,9:22,H02,Maeq,H02_PI,H02_PI_O2.csv,LIGHT,RUN2,0,2,3,100
7/31/25,9:05,9:22,J02,Ahya,J02_PI,J02_PI_O2.csv,LIGHT,RUN2,0,3,3,100
7/31/25,9:05,9:22,BLANK01_Run2,BLANK,BLANK01_Run2_PI,BLANK01_Run2_PI_O2.csv,LIGHT,RUN2,1,4,3,100
7/31/25,9:05,9:22,D02,Prus,D02_PI,D02_PI_O2.csv,LIGHT,RUN2,0,5,3,100
7/31/25,9:05,9:22,C02,Fcom,C02_PI,C02_PI_O2.csv,LIGHT,RUN2,0,6,3,100
7/31/25,9:05,9:22,I02,Tfro,I02_PI,I02_PI_O2.csv,LIGHT,RUN2,0,7,3,100
7/31/25,9:05,9:22,A02,Pcyl,A02_PI,A02_PI_O2.csv,LIGHT,RUN2,0,8,3,100
7/31/25,9:05,9:22,E02,Peyo,E02_PI,E02_PI_O2.csv,LIGHT,RUN2,0,9,3,100
7/31/25,9:05,9:22,B02,Mvie,B02_PI,B02_PI_O2.csv,LIGHT,RUN2,0,10,3,100
7/31/25,9:05,9:22,BLANK02_Run2,BLANK,BLANK02_Run2_PI,BLANK02_Run2_PI_O2.csv,LIGHT,RUN2,1,11,3,100
7/31/25,9:05,9:22,F02,Prug,F02_PI,F02_PI_O2.csv,LIGHT,RUN2,0,12,3,100
7/31/25,9:26,9:41,G02,Elam,G02_PI,G02_PI_O2.csv,LIGHT,RUN2,0,1,4,197
7/31/25,9:26,9:41,H02,Maeq,H02_PI,H02_PI_O2.csv,LIGHT,RUN2,0,2,4,197
7/31/25,9:26,9:41,J02,Ahya,J02_PI,J02_PI_O2.csv,LIGHT,RUN2,0,3,4,197
7/31/25,9:26,9:41,BLANK01_Run2,BLANK,BLANK01_Run2_PI,BLANK01_Run2_PI_O2.csv,LIGHT,RUN2,1,4,4,197
7/31/25,9:26,9:41,D02,Prus,D02_PI,D02_PI_O2.csv,LIGHT,RUN2,0,5,4,197
7/31/25,9:26,9:41,C02,Fcom,C02_PI,C02_PI_O2.csv,LIGHT,RUN2,0,6,4,197
7/31/25,9:26,9:41,I02,Tfro,I02_PI,I02_PI_O2.csv,LIGHT,RUN2,0,7,4,197
7/31/25,9:26,9:41,A02,Pcyl,A02_PI,A02_PI_O2.csv,LIGHT,RUN2,0,8,4,197
7/31/25,9:26,9:41,E02,Peyo,E02_PI,E02_PI_O2.csv,LIGHT,RUN2,0,9,4,197
7/31/25,9:26,9:41,B02,Mvie,B02_PI,B02_PI_O2.csv,LIGHT,RUN2,0,10,4,197
7/31/25,9:26,9:41,BLANK02_Run2,BLANK,BLANK02_Run2_PI,BLANK02_Run2_PI_O2.csv,LIGHT,RUN2,1,11,4,197
7/31/25,9:26,9:41,F02,Prug,F02_PI,F02_PI_O2.csv,LIGHT,RUN2,0,12,4,197
7/31/25,9:46,10:03,G02,Elam,G02_PI,G02_PI_O2.csv,LIGHT,RUN2,0,1,5,301
7/31/25,9:46,10:03,H02,Maeq,H02_PI,H02_PI_O2.csv,LIGHT,RUN2,0,2,5,301
7/31/25,9:46,10:03,J02,Ahya,J02_PI,J02_PI_O2.csv,LIGHT,RUN2,0,3,5,301
7/31/25,9:46,10:03,BLANK01_Run2,BLANK,BLANK01_Run2_PI,BLANK01_Run2_PI_O2.csv,LIGHT,RUN2,1,4,5,301
7/31/25,9:46,10:03,D02,Prus,D02_PI,D02_PI_O2.csv,LIGHT,RUN2,0,5,5,301
7/31/25,9:46,10:03,C02,Fcom,C02_PI,C02_PI_O2.csv,LIGHT,RUN2,0,6,5,301
7/31/25,9:46,10:03,I02,Tfro,I02_PI,I02_PI_O2.csv,LIGHT,RUN2,0,7,5,301
7/31/25,9:46,10:03,A02,Pcyl,A02_PI,A02_PI_O2.csv,LIGHT,RUN2,0,8,5,301
7/31/25,9:46,10:03,E02,Peyo,E02_PI,E02_PI_O2.csv,LIGHT,RUN2,0,9,5,301
7/31/25,9:46,10:03,B02,Mvie,B02_PI,B02_PI_O2.csv,LIGHT,RUN2,0,10,5,301
7/31/25,9:46,10:03,BLANK02_Run2,BLANK,BLANK02_Run2_PI,BLANK02_Run2_PI_O2.csv,LIGHT,RUN2,1,11,5,301
7/31/25,9:46,10:03,F02,Prug,F02_PI,F02_PI_O2.csv,LIGHT,RUN2,0,12,5,301
7/31/25,10:22,10:38,G02,Elam,G02_PI,G02_PI_O2.csv,LIGHT,RUN2,0,1,6,397
7/31/25,10:22,10:38,H02,Maeq,H02_PI,H02_PI_O2.csv,LIGHT,RUN2,0,2,6,397
7/31/25,10:22,10:38,J02,Ahya,J02_PI,J02_PI_O2.csv,LIGHT,RUN2,0,3,6,397
7/31/25,10:22,10:38,BLANK01_Run2,BLANK,BLANK01_Run2_PI,BLANK01_Run2_PI_O2.csv,LIGHT,RUN2,1,4,6,397
7/31/25,10:22,10:38,D02,Prus,D02_PI,D02_PI_O2.csv,LIGHT,RUN2,0,5,6,397
7/31/25,10:22,10:38,C02,Fcom,C02_PI,C02_PI_O2.csv,LIGHT,RUN2,0,6,6,397
7/31/25,10:22,10:38,I02,Tfro,I02_PI,I02_PI_O2.csv,LIGHT,RUN2,0,7,6,397
7/31/25,10:22,10:38,A02,Pcyl,A02_PI,A02_PI_O2.csv,LIGHT,RUN2,0,8,6,397
7/31/25,10:22,10:38,E02,Peyo,E02_PI,E02_PI_O2.csv,LIGHT,RUN2,0,9,6,397
7/31/25,10:22,10:38,B02,Mvie,B02_PI,B02_PI_O2.csv,LIGHT,RUN2,0,10,6,397
7/31/25,10:22,10:38,BLANK02_Run2,BLANK,BLANK02_Run2_PI,BLANK02_Run2_PI_O2.csv,LIGHT,RUN2,1,11,6,397
7/31/25,10:22,10:38,F02,Prug,F02_PI,F02_PI_O2.csv,LIGHT,RUN2,0,12,6,397
7/31/25,10:45,11:01,G02,Elam,G02_PI,G02_PI_O2.csv,LIGHT,RUN2,0,1,7,500
7/31/25,10:45,11:01,H02,Maeq,H02_PI,H02_PI_O2.csv,LIGHT,RUN2,0,2,7,500
7/31/25,10:45,11:01,J02,Ahya,J02_PI,J02_PI_O2.csv,LIGHT,RUN2,0,3,7,500
7/31/25,10:45,11:01,BLANK01_Run2,BLANK,BLANK01_Run2_PI,BLANK01_Run2_PI_O2.csv,LIGHT,RUN2,1,4,7,500
7/31/25,10:45,11:01,D02,Prus,D02_PI,D02_PI_O2.csv,LIGHT,RUN2,0,5,7,500
7/31/25,10:45,11:01,C02,Fcom,C02_PI,C02_PI_O2.csv,LIGHT,RUN2,0,6,7,500
7/31/25,10:45,11:01,I02,Tfro,I02_PI,I02_PI_O2.csv,LIGHT,RUN2,0,7,7,500
7/31/25,10:45,11:01,A02,Pcyl,A02_PI,A02_PI_O2.csv,LIGHT,RUN2,0,8,7,500
7/31/25,10:45,11:01,E02,Peyo,E02_PI,E02_PI_O2.csv,LIGHT,RUN2,0,9,7,500
7/31/25,10:45,11:01,B02,Mvie,B02_PI,B02_PI_O2.csv,LIGHT,RUN2,0,10,7,500
7/31/25,10:45,11:01,BLANK02_Run2,BLANK,BLANK02_Run2_PI,BLANK02_Run2_PI_O2.csv,LIGHT,RUN2,1,11,7,500
7/31/25,10:45,11:01,F02,Prug,F02_PI,F02_PI_O2.csv,LIGHT,RUN2,0,12,7,500
7/31/25,11:05,11:21,G02,Elam,G02_PI,G02_PI_O2.csv,LIGHT,RUN2,0,1,8,602
7/31/25,11:05,11:21,H02,Maeq,H02_PI,H02_PI_O2.csv,LIGHT,RUN2,0,2,8,602
7/31/25,11:05,11:21,J02,Ahya,J02_PI,J02_PI_O2.csv,LIGHT,RUN2,0,3,8,602
7/31/25,11:05,11:21,BLANK01_Run2,BLANK,BLANK01_Run2_PI,BLANK01_Run2_PI_O2.csv,LIGHT,RUN2,1,4,8,602
7/31/25,11:05,11:21,D02,Prus,D02_PI,D02_PI_O2.csv,LIGHT,RUN2,0,5,8,602
7/31/25,11:05,11:21,C02,Fcom,C02_PI,C02_PI_O2.csv,LIGHT,RUN2,0,6,8,602
7/31/25,11:05,11:21,I02,Tfro,I02_PI,I02_PI_O2.csv,LIGHT,RUN2,0,7,8,602
7/31/25,11:05,11:21,A02,Pcyl,A02_PI,A02_PI_O2.csv,LIGHT,RUN2,0,8,8,602
7/31/25,11:05,11:21,E02,Peyo,E02_PI,E02_PI_O2.csv,LIGHT,RUN2,0,9,8,602
7/31/25,11:05,11:21,B02,Mvie,B02_PI,B02_PI_O2.csv,LIGHT,RUN2,0,10,8,602
7/31/25,11:05,11:21,BLANK02_Run2,BLANK,BLANK02_Run2_PI,BLANK02_Run2_PI_O2.csv,LIGHT,RUN2,1,11,8,602
7/31/25,11:05,11:21,F02,Prug,F02_PI,F02_PI_O2.csv,LIGHT,RUN2,0,12,8,602
7/31/25,12:25,12:42,J03,Ahya,J03_PI,J03_PI_O2.csv,LIGHT,RUN3,0,1,1,0
7/31/25,12:25,12:42,H03,Maeq,H03_PI,H03_PI_O2.csv,LIGHT,RUN3,0,2,1,0
7/31/25,12:25,12:42,D04,Prus,D04_PI,D04_PI_O2.csv,LIGHT,RUN3,0,3,1,0
7/31/25,12:25,12:42,E03,Peyo,E03_PI,E03_PI_O2.csv,LIGHT,RUN3,0,4,1,0
7/31/25,12:25,12:42,G03,Elam,G03_PI,G03_PI_O2.csv,LIGHT,RUN3,0,5,1,0
7/31/25,12:25,12:42,BLANK01_Run3,BLANK,BLANK01_Run3_PI,BLANK01_Run3_PI_O2.csv,LIGHT,RUN3,1,6,1,0
7/31/25,12:25,12:42,BLANK02_Run3,BLANK,BLANK02_Run3_PI,BLANK02_Run3_PI_O2.csv,LIGHT,RUN3,1,7,1,0
7/31/25,12:25,12:42,C03,Fcom,C03_PI,C03_PI_O2.csv,LIGHT,RUN3,0,8,1,0
7/31/25,12:25,12:42,F03,Prug,F03_PI,F03_PI_O2.csv,LIGHT,RUN3,0,9,1,0
7/31/25,12:25,12:42,I03,Tfro,I03_PI,I03_PI_O2.csv,LIGHT,RUN3,0,10,1,0
7/31/25,12:25,12:42,A03,Pcyl,A03_PI,A03_PI_O2.csv,LIGHT,RUN3,0,11,1,0
7/31/25,12:25,12:42,B03,Mvie,B03_PI,B03_PI_O2.csv,LIGHT,RUN3,0,12,1,0
7/31/25,12:52,13:08,J03,Ahya,J03_PI,J03_PI_O2.csv,LIGHT,RUN3,0,1,2,51
7/31/25,12:52,13:08,H03,Maeq,H03_PI,H03_PI_O2.csv,LIGHT,RUN3,0,2,2,51
7/31/25,12:52,13:08,D04,Prus,D04_PI,D04_PI_O2.csv,LIGHT,RUN3,0,3,2,51
7/31/25,12:52,13:08,E03,Peyo,E03_PI,E03_PI_O2.csv,LIGHT,RUN3,0,4,2,51
7/31/25,12:52,13:08,G03,Elam,G03_PI,G03_PI_O2.csv,LIGHT,RUN3,0,5,2,51
7/31/25,12:52,13:08,BLANK01_Run3,BLANK,BLANK01_Run3_PI,BLANK01_Run3_PI_O2.csv,LIGHT,RUN3,1,6,2,51
7/31/25,12:52,13:08,BLANK02_Run3,BLANK,BLANK02_Run3_PI,BLANK02_Run3_PI_O2.csv,LIGHT,RUN3,1,7,2,51
7/31/25,12:52,13:08,C03,Fcom,C03_PI,C03_PI_O2.csv,LIGHT,RUN3,0,8,2,51
7/31/25,12:52,13:08,F03,Prug,F03_PI,F03_PI_O2.csv,LIGHT,RUN3,0,9,2,51
7/31/25,12:52,13:08,I03,Tfro,I03_PI,I03_PI_O2.csv,LIGHT,RUN3,0,10,2,51
7/31/25,12:52,13:08,A03,Pcyl,A03_PI,A03_PI_O2.csv,LIGHT,RUN3,0,11,2,51
7/31/25,12:52,13:08,B03,Mvie,B03_PI,B03_PI_O2.csv,LIGHT,RUN3,0,12,2,51
7/31/25,13:10,13:26,J03,Ahya,J03_PI,J03_PI_O2.csv,LIGHT,RUN3,0,1,3,100
7/31/25,13:10,13:26,H03,Maeq,H03_PI,H03_PI_O2.csv,LIGHT,RUN3,0,2,3,100
7/31/25,13:10,13:26,D04,Prus,D04_PI,D04_PI_O2.csv,LIGHT,RUN3,0,3,3,100
7/31/25,13:10,13:26,E03,Peyo,E03_PI,E03_PI_O2.csv,LIGHT,RUN3,0,4,3,100
7/31/25,13:10,13:26,G03,Elam,G03_PI,G03_PI_O2.csv,LIGHT,RUN3,0,5,3,100
7/31/25,13:10,13:26,BLANK01_Run3,BLANK,BLANK01_Run3_PI,BLANK01_Run3_PI_O2.csv,LIGHT,RUN3,1,6,3,100
7/31/25,13:10,13:26,BLANK02_Run3,BLANK,BLANK02_Run3_PI,BLANK02_Run3_PI_O2.csv,LIGHT,RUN3,1,7,3,100
7/31/25,13:10,13:26,C03,Fcom,C03_PI,C03_PI_O2.csv,LIGHT,RUN3,0,8,3,100
7/31/25,13:10,13:26,F03,Prug,F03_PI,F03_PI_O2.csv,LIGHT,RUN3,0,9,3,100
7/31/25,13:10,13:26,I03,Tfro,I03_PI,I03_PI_O2.csv,LIGHT,RUN3,0,10,3,100
7/31/25,13:10,13:26,A03,Pcyl,A03_PI,A03_PI_O2.csv,LIGHT,RUN3,0,11,3,100
7/31/25,13:10,13:26,B03,Mvie,B03_PI,B03_PI_O2.csv,LIGHT,RUN3,0,12,3,100
7/31/25,13:30,13:46,J03,Ahya,J03_PI,J03_PI_O2.csv,LIGHT,RUN3,0,1,4,200
7/31/25,13:30,13:46,H03,Maeq,H03_PI,H03_PI_O2.csv,LIGHT,RUN3,0,2,4,200
7/31/25,13:30,13:46,D04,Prus,D04_PI,D04_PI_O2.csv,LIGHT,RUN3,0,3,4,200
7/31/25,13:30,13:46,E03,Peyo,E03_PI,E03_PI_O2.csv,LIGHT,RUN3,0,4,4,200
7/31/25,13:30,13:46,G03,Elam,G03_PI,G03_PI_O2.csv,LIGHT,RUN3,0,5,4,200
7/31/25,13:30,13:46,BLANK01_Run3,BLANK,BLANK01_Run3_PI,BLANK01_Run3_PI_O2.csv,LIGHT,RUN3,1,6,4,200
7/31/25,13:30,13:46,BLANK02_Run3,BLANK,BLANK02_Run3_PI,BLANK02_Run3_PI_O2.csv,LIGHT,RUN3,1,7,4,200
7/31/25,13:30,13:46,C03,Fcom,C03_PI,C03_PI_O2.csv,LIGHT,RUN3,0,8,4,200
7/31/25,13:30,13:46,F03,Prug,F03_PI,F03_PI_O2.csv,LIGHT,RUN3,0,9,4,200
7/31/25,13:30,13:46,I03,Tfro,I03_PI,I03_PI_O2.csv,LIGHT,RUN3,0,10,4,200
7/31/25,13:30,13:46,A03,Pcyl,A03_PI,A03_PI_O2.csv,LIGHT,RUN3,0,11,4,200
7/31/25,13:30,13:46,B03,Mvie,B03_PI,B03_PI_O2.csv,LIGHT,RUN3,0,12,4,200
7/31/25,13:52,14:07,J03,Ahya,J03_PI,J03_PI_O2.csv,LIGHT,RUN3,0,1,5,297
7/31/25,13:52,14:07,H03,Maeq,H03_PI,H03_PI_O2.csv,LIGHT,RUN3,0,2,5,297
7/31/25,13:52,14:07,D04,Prus,D04_PI,D04_PI_O2.csv,LIGHT,RUN3,0,3,5,297
7/31/25,13:52,14:07,E03,Peyo,E03_PI,E03_PI_O2.csv,LIGHT,RUN3,0,4,5,297
7/31/25,13:52,14:07,G03,Elam,G03_PI,G03_PI_O2.csv,LIGHT,RUN3,0,5,5,297
7/31/25,13:52,14:07,BLANK01_Run3,BLANK,BLANK01_Run3_PI,BLANK01_Run3_PI_O2.csv,LIGHT,RUN3,1,6,5,297
7/31/25,13:52,14:07,BLANK02_Run3,BLANK,BLANK02_Run3_PI,BLANK02_Run3_PI_O2.csv,LIGHT,RUN3,1,7,5,297
7/31/25,13:52,14:07,C03,Fcom,C03_PI,C03_PI_O2.csv,LIGHT,RUN3,0,8,5,297
7/31/25,13:52,14:07,F03,Prug,F03_PI,F03_PI_O2.csv,LIGHT,RUN3,0,9,5,297
7/31/25,13:52,14:07,I03,Tfro,I03_PI,I03_PI_O2.csv,LIGHT,RUN3,0,10,5,297
7/31/25,13:52,14:07,A03,Pcyl,A03_PI,A03_PI_O2.csv,LIGHT,RUN3,0,11,5,297
7/31/25,13:52,14:07,B03,Mvie,B03_PI,B03_PI_O2.csv,LIGHT,RUN3,0,12,5,297
7/31/25,14:12,14:29,J03,Ahya,J03_PI,J03_PI_O2.csv,LIGHT,RUN3,0,1,6,398
7/31/25,14:12,14:29,H03,Maeq,H03_PI,H03_PI_O2.csv,LIGHT,RUN3,0,2,6,398
7/31/25,14:12,14:29,D04,Prus,D04_PI,D04_PI_O2.csv,LIGHT,RUN3,0,3,6,398
7/31/25,14:12,14:29,E03,Peyo,E03_PI,E03_PI_O2.csv,LIGHT,RUN3,0,4,6,398
7/31/25,14:12,14:29,G03,Elam,G03_PI,G03_PI_O2.csv,LIGHT,RUN3,0,5,6,398
7/31/25,14:12,14:29,BLANK01_Run3,BLANK,BLANK01_Run3_PI,BLANK01_Run3_PI_O2.csv,LIGHT,RUN3,1,6,6,398
7/31/25,14:12,14:29,BLANK02_Run3,BLANK,BLANK02_Run3_PI,BLANK02_Run3_PI_O2.csv,LIGHT,RUN3,1,7,6,398
7/31/25,14:12,14:29,C03,Fcom,C03_PI,C03_PI_O2.csv,LIGHT,RUN3,0,8,6,398
7/31/25,14:12,14:29,F03,Prug,F03_PI,F03_PI_O2.csv,LIGHT,RUN3,0,9,6,398
7/31/25,14:12,14:29,I03,Tfro,I03_PI,I03_PI_O2.csv,LIGHT,RUN3,0,10,6,398
7/31/25,14:12,14:29,A03,Pcyl,A03_PI,A03_PI_O2.csv,LIGHT,RUN3,0,11,6,398
7/31/25,14:12,14:29,B03,Mvie,B03_PI,B03_PI_O2.csv,LIGHT,RUN3,0,12,6,398
7/31/25,14:34,14:51,J03,Ahya,J03_PI,J03_PI_O2.csv,LIGHT,RUN3,0,1,7,499
7/31/25,14:34,14:51,H03,Maeq,H03_PI,H03_PI_O2.csv,LIGHT,RUN3,0,2,7,499
7/31/25,14:34,14:51,D04,Prus,D04_PI,D04_PI_O2.csv,LIGHT,RUN3,0,3,7,499
7/31/25,14:34,14:51,E03,Peyo,E03_PI,E03_PI_O2.csv,LIGHT,RUN3,0,4,7,499
7/31/25,14:34,14:51,G03,Elam,G03_PI,G03_PI_O2.csv,LIGHT,RUN3,0,5,7,499
7/31/25,14:34,14:51,BLANK01_Run3,BLANK,BLANK01_Run3_PI,BLANK01_Run3_PI_O2.csv,LIGHT,RUN3,1,6,7,499
7/31/25,14:34,14:51,BLANK02_Run3,BLANK,BLANK02_Run3_PI,BLANK02_Run3_PI_O2.csv,LIGHT,RUN3,1,7,7,499
7/31/25,14:34,14:51,C03,Fcom,C03_PI,C03_PI_O2.csv,LIGHT,RUN3,0,8,7,499
7/31/25,14:34,14:51,F03,Prug,F03_PI,F03_PI_O2.csv,LIGHT,RUN3,0,9,7,499
7/31/25,14:34,14:51,I03,Tfro,I03_PI,I03_PI_O2.csv,LIGHT,RUN3,0,10,7,499
7/31/25,14:34,14:51,A03,Pcyl,A03_PI,A03_PI_O2.csv,LIGHT,RUN3,0,11,7,499
7/31/25,14:34,14:51,B03,Mvie,B03_PI,B03_PI_O2.csv,LIGHT,RUN3,0,12,7,499
7/31/25,14:57,15:18,J03,Ahya,J03_PI,J03_PI_O2.csv,LIGHT,RUN3,0,1,8,601
7/31/25,14:57,15:18,H03,Maeq,H03_PI,H03_PI_O2.csv,LIGHT,RUN3,0,2,8,601
7/31/25,14:57,15:18,D04,Prus,D04_PI,D04_PI_O2.csv,LIGHT,RUN3,0,3,8,601
7/31/25,14:57,15:18,E03,Peyo,E03_PI,E03_PI_O2.csv,LIGHT,RUN3,0,4,8,601
7/31/25,14:57,15:18,G03,Elam,G03_PI,G03_PI_O2.csv,LIGHT,RUN3,0,5,8,601
7/31/25,14:57,15:18,BLANK01_Run3,BLANK,BLANK01_Run3_PI,BLANK01_Run3_PI_O2.csv,LIGHT,RUN3,1,6,8,601
7/31/25,14:57,15:18,BLANK02_Run3,BLANK,BLANK02_Run3_PI,BLANK02_Run3_PI_O2.csv,LIGHT,RUN3,1,7,8,601
7/31/25,14:57,15:18,C03,Fcom,C03_PI,C03_PI_O2.csv,LIGHT,RUN3,0,8,8,601
7/31/25,14:57,15:18,F03,Prug,F03_PI,F03_PI_O2.csv,LIGHT,RUN3,0,9,8,601
7/31/25,14:57,15:18,I03,Tfro,I03_PI,I03_PI_O2.csv,LIGHT,RUN3,0,10,8,601
7/31/25,14:57,15:18,A03,Pcyl,A03_PI,A03_PI_O2.csv,LIGHT,RUN3,0,11,8,601
7/31/25,14:57,15:18,B03,Mvie,B03_PI,B03_PI_O2.csv,LIGHT,RUN3,0,12,8,601