date ,start_time,stop_time,colony_number,site,sample_ID,SGD_dil,FileID_csv,light_dark,run_block,blank ,chamber_channel,date_coral_collected,date_water_collected,color_code ,new_colonynumber
6/10/23,8:12,9:13,5,Cabral ,Cabral_Col5_Dil1_Light,1,Cabral_Day3_Col5_Dil1_Light_06102023_O2.csv,LIGHT,RUN7,0,1,,6/7/23,red,13
6/10/23,8:12,9:13,5,Cabral ,Cabral_Col5_Dil2_Light,2,Cabral_Day3_Col5_Dil2_Light_06102023_O2.csv,LIGHT,RUN7,0,2,,6/7/23,red,13
6/10/23,8:12,9:13,5,Cabral ,Cabral_Col5_Dil3_Light,3,Cabral_Day3_Col5_Dil3_Light_06102023_O2.csv,LIGHT,RUN7,0,3,,6/7/23,red,13
6/10/23,8:12,9:13,5,Cabral ,Cabral_Col5_Dil4_Light,4,Cabral_Day3_Col5_Dil4_Light_06102023_O2.csv,LIGHT,RUN7,0,4,,6/7/23,red,13
6/10/23,8:12,9:13,5,Cabral ,Cabral_Col5_Dil5_Light,5,Cabral_Day3_Col5_Dil5_Light_06102023_O2.csv,LIGHT,RUN7,0,5,,6/7/23,red,13
6/10/23,8:12,9:13,5,Cabral ,Cabral_Col5_Dil6_Light,6,Cabral_Day3_Col5_Dil6_Light_06102023_O2.csv,LIGHT,RUN7,0,6,,6/7/23,red,13
6/10/23,8:12,9:13,5,Cabral ,Cabral_Col5_Dil7_Light,7,Cabral_Day3_Col5_Dil7_Light_06102023_O2.csv,LIGHT,RUN7,0,7,,6/7/23,red,13
6/10/23,8:12,9:13,5,Cabral ,Cabral_Col5_Dil8_Light,8,Cabral_Day3_Col5_Dil8_Light_06102023_O2.csv,LIGHT,RUN7,0,9,,6/7/23,red,13
6/10/23,8:12,9:13,5,Cabral ,Cabral_Col5_Dil9_Light,9,Cabral_Day3_Col5_Dil9_Light_06102023_O2.csv,LIGHT,RUN7,0,10,,6/7/23,red,13
6/10/23,10:02,10:28,5,Cabral ,Cabral_Col5_Dil1_Dark,1,Cabral_Day3_Col5_Dil1_Dark_06102023_O2.csv,DARK,RUN7,0,1,,6/7/23,red,13
6/10/23,10:02,10:28,5,Cabral ,Cabral_Col5_Dil2_Dark,2,Cabral_Day3_Col5_Dil2_Dark_06102023_O2.csv,DARK,RUN7,0,2,,6/7/23,red,13
6/10/23,10:02,10:28,5,Cabral ,Cabral_Col5_Dil3_Dark,3,Cabral_Day3_Col5_Dil3_Dark_06102023_O2.csv,DARK,RUN7,0,3,,6/7/23,red,13
6/10/23,10:02,10:28,5,Cabral ,Cabral_Col5_Dil4_Dark,4,Cabral_Day3_Col5_Dil4_Dark_06102023_O2.csv,DARK,RUN7,0,4,,6/7/23,red,13
6/10/23,10:02,10:28,5,Cabral ,Cabral_Col5_Dil5_Dark,5,Cabral_Day3_Col5_Dil5_Dark_06102023_O2.csv,DARK,RUN7,0,5,,6/7/23,red,13
6/10/23,10:02,10:28,5,Cabral ,Cabral_Col5_Dil6_Dark,6,Cabral_Day3_Col5_Dil6_Dark_06102023_O2.csv,DARK,RUN7,0,6,,6/7/23,red,13
6/10/23,10:02,10:28,5,Cabral ,Cabral_Col5_Dil7_Dark,7,Cabral_Day3_Col5_Dil7_Dark_06102023_O2.csv,DARK,RUN7,0,7,,6/7/23,red,13
6/10/23,10:02,10:28,5,Cabral ,Cabral_Col5_Dil8_Dark,8,Cabral_Day3_Col5_Dil8_Dark_06102023_O2.csv,DARK,RUN7,0,9,,6/7/23,red,13
6/10/23,10:02,10:28,5,Cabral ,Cabral_Col5_Dil9_Dark,9,Cabral_Day3_Col5_Dil9_Dark_06102023_O2.csv,DARK,RUN7,0,10,,6/7/23,red,13
6/10/23,11:00,11:57,6,Cabral ,Cabral_Col6_Dil1_Light,1,Cabral_Day3_Col6_Dil1_Light_06102023_O2.csv,LIGHT,RUN8,0,1,,6/7/23,light_green,14
6/10/23,11:00,11:57,6,Cabral ,Cabral_Col6_Dil2_Light,2,Cabral_Day3_Col6_Dil2_Light_06102023_O2.csv,LIGHT,RUN8,0,2,,6/7/23,light_green,14
6/10/23,11:00,11:57,6,Cabral ,Cabral_Col6_Dil3_Light,3,Cabral_Day3_Col6_Dil3_Light_06102023_O2.csv,LIGHT,RUN8,0,3,,6/7/23,light_green,14
6/10/23,11:00,11:57,6,Cabral ,Cabral_Col6_Dil4_Light,4,Cabral_Day3_Col6_Dil4_Light_06102023_O2.csv,LIGHT,RUN8,0,4,,6/7/23,light_green,14
6/10/23,11:00,11:57,6,Cabral ,Cabral_Col6_Dil5_Light,5,Cabral_Day3_Col6_Dil5_Light_06102023_O2.csv,LIGHT,RUN8,0,5,,6/7/23,light_green,14
6/10/23,11:00,11:57,6,Cabral ,Cabral_Col6_Dil6_Light,6,Cabral_Day3_Col6_Dil6_Light_06102023_O2.csv,LIGHT,RUN8,0,6,,6/7/23,light_green,14
6/10/23,11:00,11:57,6,Cabral ,Cabral_Col6_Dil7_Light,7,Cabral_Day3_Col6_Dil7_Light_06102023_O2.csv,LIGHT,RUN8,0,7,,6/7/23,light_green,14
6/10/23,11:00,11:57,6,Cabral ,Cabral_Col6_Dil8_Light,8,Cabral_Day3_Col6_Dil8_Light_06102023_O2.csv,LIGHT,RUN8,0,9,,6/7/23,light_green,14
6/10/23,11:00,11:57,6,Cabral ,Cabral_Col6_Dil9_Light,9,Cabral_Day3_Col6_Dil9_Light_06102023_O2.csv,LIGHT,RUN8,0,10,,6/7/23,light_green,14
6/10/23,12:40,13:11,6,Cabral ,Cabral_Col6_Dil1_Dark,1,Cabral_Day3_Col6_Dil1_Dark_06102023_O2.csv,DARK,RUN8,0,1,,6/7/23,light_green,14
6/10/23,12:40,13:11,6,Cabral ,Cabral_Col6_Dil2_Dark,2,Cabral_Day3_Col6_Dil2_Dark_06102023_O2.csv,DARK,RUN8,0,2,,6/7/23,light_green,14
6/10/23,12:40,13:11,6,Cabral ,Cabral_Col6_Dil3_Dark,3,Cabral_Day3_Col6_Dil3_Dark_06102023_O2.csv,DARK,RUN8,0,3,,6/7/23,light_green,14
6/10/23,12:40,13:11,6,Cabral ,Cabral_Col6_Dil4_Dark,4,Cabral_Day3_Col6_Dil4_Dark_06102023_O2.csv,DARK,RUN8,0,4,,6/7/23,light_green,14
6/10/23,12:40,13:11,6,Cabral ,Cabral_Col6_Dil5_Dark,5,Cabral_Day3_Col6_Dil5_Dark_06102023_O2.csv,DARK,RUN8,0,5,,6/7/23,light_green,14
6/10/23,12:40,13:11,6,Cabral ,Cabral_Col6_Dil6_Dark,6,Cabral_Day3_Col6_Dil6_Dark_06102023_O2.csv,DARK,RUN8,0,6,,6/7/23,light_green,14
6/10/23,12:40,13:11,6,Cabral ,Cabral_Col6_Dil7_Dark,7,Cabral_Day3_Col6_Dil7_Dark_06102023_O2.csv,DARK,RUN8,0,7,,6/7/23,light_green,14
6/10/23,12:40,13:11,6,Cabral ,Cabral_Col6_Dil8_Dark,8,Cabral_Day3_Col6_Dil8_Dark_06102023_O2.csv,DARK,RUN8,0,9,,6/7/23,light_green,14
6/10/23,12:40,13:11,6,Cabral ,Cabral_Col6_Dil9_Dark,9,Cabral_Day3_Col6_Dil9_Dark_06102023_O2.csv,DARK,RUN8,0,10,,6/7/23,light_green,14
6/10/23,13:40,14:40,BLANK,Cabral ,Cabral_BlankD3_Dil1_Light,1,Cabral_Day3_Blank_Dil1_Light_06102023_O2.csv,LIGHT,RUN9,1,1,,6/7/23,N/A,BLANK
6/10/23,13:40,14:40,BLANK,Cabral ,Cabral_BlankD3_Dil2_Light,2,Cabral_Day3_Blank_Dil2_Light_06102023_O2.csv,LIGHT,RUN9,1,2,,6/7/23,N/A,BLANK
6/10/23,13:40,14:40,BLANK,Cabral ,Cabral_BlankD3_Dil3_Light,3,Cabral_Day3_Blank_Dil3_Light_06102023_O2.csv,LIGHT,RUN9,1,3,,6/7/23,N/A,BLANK
6/10/23,13:40,14:40,BLANK,Cabral ,Cabral_BlankD3_Dil4_Light,4,Cabral_Day3_Blank_Dil4_Light_06102023_O2.csv,LIGHT,RUN9,1,4,,6/7/23,N/A,BLANK
6/10/23,13:40,14:40,BLANK,Cabral ,Cabral_BlankD3_Dil5_Light,5,Cabral_Day3_Blank_Dil5_Light_06102023_O2.csv,LIGHT,RUN9,1,5,,6/7/23,N/A,BLANK
6/10/23,13:40,14:40,BLANK,Cabral ,Cabral_BlankD3_Dil6_Light,6,Cabral_Day3_Blank_Dil6_Light_06102023_O2.csv,LIGHT,RUN9,1,6,,6/7/23,N/A,BLANK
6/10/23,13:40,14:40,BLANK,Cabral ,Cabral_BlankD3_Dil7_Light,7,Cabral_Day3_Blank_Dil7_Light_06102023_O2.csv,LIGHT,RUN9,1,7,,6/7/23,N/A,BLANK
6/10/23,13:40,14:40,BLANK,Cabral ,Cabral_BlankD3_Dil8_Light,8,Cabral_Day3_Blank_Dil8_Light_06102023_O2.csv,LIGHT,RUN9,1,9,,6/7/23,N/A,BLANK
6/10/23,13:40,14:40,BLANK,Cabral ,Cabral_BlankD3_Dil9_Light,9,Cabral_Day3_Blank_Dil9_Light_06102023_O2.csv,LIGHT,RUN9,1,10,,6/7/23,N/A,BLANK
6/10/23,15:10,15:43,BLANK,Cabral ,Cabral_BlankD3_Dil1_Dark,1,Cabral_Day3_Blank_Dil1_Dark_06102023_O2.csv,DARK,RUN9,1,1,,6/7/23,N/A,BLANK
6/10/23,15:10,15:43,BLANK,Cabral ,Cabral_BlankD3_Dil2_Dark,2,Cabral_Day3_Blank_Dil2_Dark_06102023_O2.csv,DARK,RUN9,1,2,,6/7/23,N/A,BLANK
6/10/23,15:10,15:43,BLANK,Cabral ,Cabral_BlankD3_Dil3_Dark,3,Cabral_Day3_Blank_Dil3_Dark_06102023_O2.csv,DARK,RUN9,1,3,,6/7/23,N/A,BLANK
6/10/23,15:10,15:43,BLANK,Cabral ,Cabral_BlankD3_Dil4_Dark,4,Cabral_Day3_Blank_Dil4_Dark_06102023_O2.csv,DARK,RUN9,1,4,,6/7/23,N/A,BLANK
6/10/23,15:10,15:43,BLANK,Cabral ,Cabral_BlankD3_Dil5_Dark,5,Cabral_Day3_Blank_Dil5_Dark_06102023_O2.csv,DARK,RUN9,1,5,,6/7/23,N/A,BLANK
6/10/23,15:10,15:43,BLANK,Cabral ,Cabral_BlankD3_Dil6_Dark,6,Cabral_Day3_Blank_Dil6_Dark_06102023_O2.csv,DARK,RUN9,1,6,,6/7/23,N/A,BLANK
6/10/23,15:10,15:43,BLANK,Cabral ,Cabral_BlankD3_Dil7_Dark,7,Cabral_Day3_Blank_Dil7_Dark_06102023_O2.csv,DARK,RUN9,1,7,,6/7/23,N/A,BLANK
6/10/23,15:10,15:43,BLANK,Cabral ,Cabral_BlankD3_Dil8_Dark,8,Cabral_Day3_Blank_Dil8_Dark_06102023_O2.csv,DARK,RUN9,1,9,,6/7/23,N/A,BLANK
6/10/23,15:10,15:43,BLANK,Cabral ,Cabral_BlankD3_Dil9_Dark,9,Cabral_Day3_Blank_Dil9_Dark_06102023_O2.csv,DARK,RUN9,1,10,,6/7/23,N/A,BLANK
6/11/23,8:15,9:14,7,Cabral ,Cabral_Col7_Dil1_Light,1,Cabral_Day4_Col7_Dil1_Light_06112023_O2.csv,LIGHT,RUN10,0,1,,6/7/23,purple,15
6/11/23,8:15,9:14,7,Cabral ,Cabral_Col7_Dil2_Light,2,Cabral_Day4_Col7_Dil2_Light_06112023_O2.csv,LIGHT,RUN10,0,2,,6/7/23,purple,15
6/11/23,8:15,9:14,7,Cabral ,Cabral_Col7_Dil3_Light,3,Cabral_Day4_Col7_Dil3_Light_06112023_O2.csv,LIGHT,RUN10,0,3,,6/7/23,purple,15
6/11/23,8:15,9:14,7,Cabral ,Cabral_Col7_Dil4_Light,4,Cabral_Day4_Col7_Dil4_Light_06112023_O2.csv,LIGHT,RUN10,0,4,,6/7/23,purple,15
6/11/23,8:15,9:14,7,Cabral ,Cabral_Col7_Dil5_Light,5,Cabral_Day4_Col7_Dil5_Light_06112023_O2.csv,LIGHT,RUN10,0,5,,6/7/23,purple,15
6/11/23,8:15,9:14,7,Cabral ,Cabral_Col7_Dil6_Light,6,Cabral_Day4_Col7_Dil6_Light_06112023_O2.csv,LIGHT,RUN10,0,6,,6/7/23,purple,15
6/11/23,8:15,9:14,7,Cabral ,Cabral_Col7_Dil7_Light,7,Cabral_Day4_Col7_Dil7_Light_06112023_O2.csv,LIGHT,RUN10,0,7,,6/7/23,purple,15
6/11/23,8:15,9:14,7,Cabral ,Cabral_Col7_Dil8_Light,8,Cabral_Day4_Col7_Dil8_Light_06112023_O2.csv,LIGHT,RUN10,0,9,,6/7/23,purple,15
6/11/23,8:15,9:14,7,Cabral ,Cabral_Col7_Dil9_Light,9,Cabral_Day4_Col7_Dil9_Light_06112023_O2.csv,LIGHT,RUN10,0,10,,6/7/23,purple,15
6/11/23,9:55,10:29,7,Cabral ,Cabral_Col7_Dil1_Dark,1,Cabral_Day4_Col7_Dil1_Dark_06112023_O2.csv,DARK,RUN10,0,1,,6/7/23,purple,15
6/11/23,9:55,10:29,7,Cabral ,Cabral_Col7_Dil2_Dark,2,Cabral_Day4_Col7_Dil2_Dark_06112023_O2.csv,DARK,RUN10,0,2,,6/7/23,purple,15
6/11/23,9:55,10:29,7,Cabral ,Cabral_Col7_Dil3_Dark,3,Cabral_Day4_Col7_Dil3_Dark_06112023_O2.csv,DARK,RUN10,0,3,,6/7/23,purple,15
6/11/23,9:55,10:29,7,Cabral ,Cabral_Col7_Dil4_Dark,4,Cabral_Day4_Col7_Dil4_Dark_06112023_O2.csv,DARK,RUN10,0,4,,6/7/23,purple,15
6/11/23,9:55,10:29,7,Cabral ,Cabral_Col7_Dil5_Dark,5,Cabral_Day4_Col7_Dil5_Dark_06112023_O2.csv,DARK,RUN10,0,5,,6/7/23,purple,15
6/11/23,9:55,10:29,7,Cabral ,Cabral_Col7_Dil6_Dark,6,Cabral_Day4_Col7_Dil6_Dark_06112023_O2.csv,DARK,RUN10,0,6,,6/7/23,purple,15
6/11/23,9:55,10:29,7,Cabral ,Cabral_Col7_Dil7_Dark,7,Cabral_Day4_Col7_Dil7_Dark_06112023_O2.csv,DARK,RUN10,0,7,,6/7/23,purple,15
6/11/23,9:55,10:29,7,Cabral ,Cabral_Col7_Dil8_Dark,8,Cabral_Day4_Col7_Dil8_Dark_06112023_O2.csv,DARK,RUN10,0,9,,6/7/23,purple,15
6/11/23,9:55,10:29,7,Cabral ,Cabral_Col7_Dil9_Dark,9,Cabral_Day4_Col7_Dil9_Dark_06112023_O2.csv,DARK,RUN10,0,10,,6/7/23,purple,15
6/11/23,10:58,12:03,8,Cabral ,Cabral_Col8_Dil1_Light,1,Cabral_Day4_Col8_Dil1_Light_06112023_O2.csv,LIGHT,RUN11,0,1,,6/7/23,yellow,16
6/11/23,10:58,12:03,8,Cabral ,Cabral_Col8_Dil2_Light,2,Cabral_Day4_Col8_Dil2_Light_06112023_O2.csv,LIGHT,RUN11,0,2,,6/7/23,yellow,16
6/11/23,10:58,12:03,8,Cabral ,Cabral_Col8_Dil3_Light,3,Cabral_Day4_Col8_Dil3_Light_06112023_O2.csv,LIGHT,RUN11,0,3,,6/7/23,yellow,16
6/11/23,10:58,12:03,8,Cabral ,Cabral_Col8_Dil4_Light,4,Cabral_Day4_Col8_Dil4_Light_06112023_O2.csv,LIGHT,RUN11,0,4,,6/7/23,yellow,16
6/11/23,10:58,12:03,8,Cabral ,Cabral_Col8_Dil5_Light,5,Cabral_Day4_Col8_Dil5_Light_06112023_O2.csv,LIGHT,RUN11,0,5,,6/7/23,yellow,16
6/11/23,10:58,12:03,8,Cabral ,Cabral_Col8_Dil6_Light,6,Cabral_Day4_Col8_Dil6_Light_06112023_O2.csv,LIGHT,RUN11,0,6,,6/7/23,yellow,16
6/11/23,10:58,12:03,8,Cabral ,Cabral_Col8_Dil7_Light,7,Cabral_Day4_Col8_Dil7_Light_06112023_O2.csv,LIGHT,RUN11,0,7,,6/7/23,yellow,16
6/11/23,10:58,12:03,8,Cabral ,Cabral_Col8_Dil8_Light,8,Cabral_Day4_Col8_Dil8_Light_06112023_O2.csv,LIGHT,RUN11,0,9,,6/7/23,yellow,16
6/11/23,10:58,12:03,8,Cabral ,Cabral_Col8_Dil9_Light,9,Cabral_Day4_Col8_Dil9_Light_06112023_O2.csv,LIGHT,RUN11,0,10,,6/7/23,yellow,16
6/11/23,12:41,13:14,8,Cabral ,Cabral_Col8_Dil1_Dark,1,Cabral_Day4_Col8_Dil1_Dark_06112023_O2.csv,DARK,RUN11,0,1,,6/7/23,yellow,16
6/11/23,12:41,13:14,8,Cabral ,Cabral_Col8_Dil2_Dark,2,Cabral_Day4_Col8_Dil2_Dark_06112023_O2.csv,DARK,RUN11,0,2,,6/7/23,yellow,16
6/11/23,12:41,13:14,8,Cabral ,Cabral_Col8_Dil3_Dark,3,Cabral_Day4_Col8_Dil3_Dark_06112023_O2.csv,DARK,RUN11,0,3,,6/7/23,yellow,16
6/11/23,12:41,13:14,8,Cabral ,Cabral_Col8_Dil4_Dark,4,Cabral_Day4_Col8_Dil4_Dark_06112023_O2.csv,DARK,RUN11,0,4,,6/7/23,yellow,16
6/11/23,12:41,13:14,8,Cabral ,Cabral_Col8_Dil5_Dark,5,Cabral_Day4_Col8_Dil5_Dark_06112023_O2.csv,DARK,RUN11,0,5,,6/7/23,yellow,16
6/11/23,12:41,13:14,8,Cabral ,Cabral_Col8_Dil6_Dark,6,Cabral_Day4_Col8_Dil6_Dark_06112023_O2.csv,DARK,RUN11,0,6,,6/7/23,yellow,16
6/11/23,12:41,13:14,8,Cabral ,Cabral_Col8_Dil7_Dark,7,Cabral_Day4_Col8_Dil7_Dark_06112023_O2.csv,DARK,RUN11,0,7,,6/7/23,yellow,16
6/11/23,12:41,13:14,8,Cabral ,Cabral_Col8_Dil8_Dark,8,Cabral_Day4_Col8_Dil8_Dark_06112023_O2.csv,DARK,RUN11,0,9,,6/7/23,yellow,16
6/11/23,12:41,13:14,8,Cabral ,Cabral_Col8_Dil9_Dark,9,Cabral_Day4_Col8_Dil9_Dark_06112023_O2.csv,DARK,RUN11,0,10,,6/7/23,yellow,16
6/11/23,13:36,14:35,BLANK,Cabral ,Cabral_BlankD4_Dil1_Light,1,Cabral_Day4_Blank_Dil1_Light_06112023_O2.csv,LIGHT,RUN12,1,1,,6/7/23,N/A,BLANK
6/11/23,13:37,14:35,BLANK,Cabral ,Cabral_BlankD4_Dil2_Light,2,Cabral_Day4_Blank_Dil2_Light_06112023_O2.csv,LIGHT,RUN12,1,2,,6/7/23,N/A,BLANK
6/11/23,13:37,14:35,BLANK,Cabral ,Cabral_BlankD4_Dil3_Light,3,Cabral_Day4_Blank_Dil3_Light_06112023_O2.csv,LIGHT,RUN12,1,3,,6/7/23,N/A,BLANK
6/11/23,13:37,14:35,BLANK,Cabral ,Cabral_BlankD4_Dil4_Light,4,Cabral_Day4_Blank_Dil4_Light_06112023_O2.csv,LIGHT,RUN12,1,4,,6/7/23,N/A,BLANK
6/11/23,13:37,14:35,BLANK,Cabral ,Cabral_BlankD4_Dil5_Light,5,Cabral_Day4_Blank_Dil5_Light_06112023_O2.csv,LIGHT,RUN12,1,5,,6/7/23,N/A,BLANK
6/11/23,13:37,14:35,BLANK,Cabral ,Cabral_BlankD4_Dil6_Light,6,Cabral_Day4_Blank_Dil6_Light_06112023_O2.csv,LIGHT,RUN12,1,6,,6/7/23,N/A,BLANK
6/11/23,13:37,14:35,BLANK,Cabral ,Cabral_BlankD4_Dil7_Light,7,Cabral_Day4_Blank_Dil7_Light_06112023_O2.csv,LIGHT,RUN12,1,7,,6/7/23,N/A,BLANK
6/11/23,13:37,14:35,BLANK,Cabral ,Cabral_BlankD4_Dil8_Light,8,Cabral_Day4_Blank_Dil8_Light_06112023_O2.csv,LIGHT,RUN12,1,9,,6/7/23,N/A,BLANK
6/11/23,13:37,14:35,BLANK,Cabral ,Cabral_BlankD4_Dil9_Light,9,Cabral_Day4_Blank_Dil9_Light_06112023_O2.csv,LIGHT,RUN12,1,10,,6/7/23,N/A,BLANK
6/11/23,15:13,15:45,BLANK,Cabral ,Cabral_BlankD4_Dil1_Dark,1,Cabral_Day4_Blank_Dil1_Dark_06112023_O2.csv,DARK,RUN12,1,1,,6/7/23,N/A,BLANK
6/11/23,15:13,15:45,BLANK,Cabral ,Cabral_BlankD4_Dil2_Dark,2,Cabral_Day4_Blank_Dil2_Dark_06112023_O2.csv,DARK,RUN12,1,2,,6/7/23,N/A,BLANK
6/11/23,15:13,15:45,BLANK,Cabral ,Cabral_BlankD4_Dil3_Dark,3,Cabral_Day4_Blank_Dil3_Dark_06112023_O2.csv,DARK,RUN12,1,3,,6/7/23,N/A,BLANK
6/11/23,15:13,15:45,BLANK,Cabral ,Cabral_BlankD4_Dil4_Dark,4,Cabral_Day4_Blank_Dil4_Dark_06112023_O2.csv,DARK,RUN12,1,4,,6/7/23,N/A,BLANK
6/11/23,15:13,15:45,BLANK,Cabral ,Cabral_BlankD4_Dil5_Dark,5,Cabral_Day4_Blank_Dil5_Dark_06112023_O2.csv,DARK,RUN12,1,5,,6/7/23,N/A,BLANK
6/11/23,15:13,15:45,BLANK,Cabral ,Cabral_BlankD4_Dil6_Dark,6,Cabral_Day4_Blank_Dil6_Dark_06112023_O2.csv,DARK,RUN12,1,6,,6/7/23,N/A,BLANK
6/11/23,15:13,15:45,BLANK,Cabral ,Cabral_BlankD4_Dil7_Dark,7,Cabral_Day4_Blank_Dil7_Dark_06112023_O2.csv,DARK,RUN12,1,7,,6/7/23,N/A,BLANK
6/11/23,15:13,15:45,BLANK,Cabral ,Cabral_BlankD4_Dil8_Dark,8,Cabral_Day4_Blank_Dil8_Dark_06112023_O2.csv,DARK,RUN12,1,9,,6/7/23,N/A,BLANK
6/11/23,15:13,15:45,BLANK,Cabral ,Cabral_BlankD4_Dil9_Dark,9,Cabral_Day4_Blank_Dil9_Dark_06112023_O2.csv,DARK,RUN12,1,10,,6/7/23,N/A,BLANK
6/12/23,7:52,8:49,9,Cabral ,Cabral_Col9_Dil1_Light,1,Cabral_Day5_Col9_Dil1_Light_06122023_O2.csv,LIGHT,RUN13,0,1,,6/7/23,blue,17
6/12/23,7:52,8:49,9,Cabral ,Cabral_Col9_Dil2_Light,2,Cabral_Day5_Col9_Dil2_Light_06122023_O2.csv,LIGHT,RUN13,0,2,,6/7/23,blue,17
6/12/23,7:52,8:49,9,Cabral ,Cabral_Col9_Dil3_Light,3,Cabral_Day5_Col9_Dil3_Light_06122023_O2.csv,LIGHT,RUN13,0,3,,6/7/23,blue,17
6/12/23,7:52,8:49,9,Cabral ,Cabral_Col9_Dil4_Light,4,Cabral_Day5_Col9_Dil4_Light_06122023_O2.csv,LIGHT,RUN13,0,4,,6/7/23,blue,17
6/12/23,7:52,8:49,9,Cabral ,Cabral_Col9_Dil5_Light,5,Cabral_Day5_Col9_Dil5_Light_06122023_O2.csv,LIGHT,RUN13,0,5,,6/7/23,blue,17
6/12/23,7:52,8:49,9,Cabral ,Cabral_Col9_Dil6_Light,6,Cabral_Day5_Col9_Dil6_Light_06122023_O2.csv,LIGHT,RUN13,0,6,,6/7/23,blue,17
6/12/23,7:52,8:49,9,Cabral ,Cabral_Col9_Dil7_Light,7,Cabral_Day5_Col9_Dil7_Light_06122023_O2.csv,LIGHT,RUN13,0,7,,6/7/23,blue,17
6/12/23,7:52,8:49,9,Cabral ,Cabral_Col9_Dil8_Light,8,Cabral_Day5_Col9_Dil8_Light_06122023_O2.csv,LIGHT,RUN13,0,9,,6/7/23,blue,17
6/12/23,7:52,8:49,9,Cabral ,Cabral_Col9_Dil9_Light,9,Cabral_Day5_Col9_Dil9_Light_06122023_O2.csv,LIGHT,RUN13,0,10,,6/7/23,blue,17
6/12/23,9:42,10:10,9,Cabral ,Cabral_Col9_Dil1_Dark,1,Cabral_Day5_Col9_Dil1_Dark_06122023_O2.csv,DARK,RUN13,0,1,,6/7/23,blue,17
6/12/23,9:42,10:10,9,Cabral ,Cabral_Col9_Dil2_Dark,2,Cabral_Day5_Col9_Dil2_Dark_06122023_O2.csv,DARK,RUN13,0,2,,6/7/23,blue,17
6/12/23,9:42,10:10,9,Cabral ,Cabral_Col9_Dil3_Dark,3,Cabral_Day5_Col9_Dil3_Dark_06122023_O2.csv,DARK,RUN13,0,3,,6/7/23,blue,17
6/12/23,9:42,10:10,9,Cabral ,Cabral_Col9_Dil4_Dark,4,Cabral_Day5_Col9_Dil4_Dark_06122023_O2.csv,DARK,RUN13,0,4,,6/7/23,blue,17
6/12/23,9:42,10:10,9,Cabral ,Cabral_Col9_Dil5_Dark,5,Cabral_Day5_Col9_Dil5_Dark_06122023_O2.csv,DARK,RUN13,0,5,,6/7/23,blue,17
6/12/23,9:42,10:10,9,Cabral ,Cabral_Col9_Dil6_Dark,6,Cabral_Day5_Col9_Dil6_Dark_06122023_O2.csv,DARK,RUN13,0,6,,6/7/23,blue,17
6/12/23,9:42,10:10,9,Cabral ,Cabral_Col9_Dil7_Dark,7,Cabral_Day5_Col9_Dil7_Dark_06122023_O2.csv,DARK,RUN13,0,7,,6/7/23,blue,17
6/12/23,9:42,10:10,9,Cabral ,Cabral_Col9_Dil8_Dark,8,Cabral_Day5_Col9_Dil8_Dark_06122023_O2.csv,DARK,RUN13,0,9,,6/7/23,blue,17
6/12/23,9:42,10:10,9,Cabral ,Cabral_Col9_Dil9_Dark,9,Cabral_Day5_Col9_Dil9_Dark_06122023_O2.csv,DARK,RUN13,0,10,,6/7/23,blue,17
6/12/23,10:39,11:40,10,Cabral ,Cabral_Col10_Dil1_Light,1,Cabral_Day5_Col10_Dil1_Light_06122023_O2.csv,LIGHT,RUN14,0,1,,6/7/23,tan,18
6/12/23,10:39,11:40,10,Cabral ,Cabral_Col10_Dil2_Light,2,Cabral_Day5_Col10_Dil2_Light_06122023_O2.csv,LIGHT,RUN14,0,2,,6/7/23,tan,18
6/12/23,10:39,11:40,10,Cabral ,Cabral_Col10_Dil3_Light,3,Cabral_Day5_Col10_Dil3_Light_06122023_O2.csv,LIGHT,RUN14,0,3,,6/7/23,tan,18
6/12/23,10:39,11:40,10,Cabral ,Cabral_Col10_Dil4_Light,4,Cabral_Day5_Col10_Dil4_Light_06122023_O2.csv,LIGHT,RUN14,0,4,,6/7/23,tan,18
6/12/23,10:39,11:40,10,Cabral ,Cabral_Col10_Dil5_Light,5,Cabral_Day5_Col10_Dil5_Light_06122023_O2.csv,LIGHT,RUN14,0,5,,6/7/23,tan,18
6/12/23,10:39,11:40,10,Cabral ,Cabral_Col10_Dil6_Light,6,Cabral_Day5_Col10_Dil6_Light_06122023_O2.csv,LIGHT,RUN14,0,6,,6/7/23,tan,18
6/12/23,10:39,11:40,10,Cabral ,Cabral_Col10_Dil7_Light,7,Cabral_Day5_Col10_Dil7_Light_06122023_O2.csv,LIGHT,RUN14,0,7,,6/7/23,tan,18
6/12/23,10:39,11:40,10,Cabral ,Cabral_Col10_Dil8_Light,8,Cabral_Day5_Col10_Dil8_Light_06122023_O2.csv,LIGHT,RUN14,0,9,,6/7/23,tan,18
6/12/23,10:39,11:40,10,Cabral ,Cabral_Col10_Dil9_Light,9,Cabral_Day5_Col10_Dil9_Light_06122023_O2.csv,LIGHT,RUN14,0,10,,6/7/23,tan,18
6/12/23,12:28,12:56,10,Cabral ,Cabral_Col10_Dil1_Dark,1,Cabral_Day5_Col10_Dil1_Dark_06122023_O2.csv,DARK,RUN14,0,1,,6/7/23,tan,18
6/12/23,12:28,12:56,10,Cabral ,Cabral_Col10_Dil2_Dark,2,Cabral_Day5_Col10_Dil2_Dark_06122023_O2.csv,DARK,RUN14,0,2,,6/7/23,tan,18
6/12/23,12:30,12:55,10,Cabral ,Cabral_Col10_Dil3_Dark,3,Cabral_Day5_Col10_Dil3_Dark_06122023_O2.csv,DARK,RUN14,0,3,,6/7/23,tan,18
6/12/23,12:29,12:55,10,Cabral ,Cabral_Col10_Dil4_Dark,4,Cabral_Day5_Col10_Dil4_Dark_06122023_O2.csv,DARK,RUN14,0,4,,6/7/23,tan,18
6/12/23,12:30,12:56,10,Cabral ,Cabral_Col10_Dil5_Dark,5,Cabral_Day5_Col10_Dil5_Dark_06122023_O2.csv,DARK,RUN14,0,5,,6/7/23,tan,18
6/12/23,12:30,12:55,10,Cabral ,Cabral_Col10_Dil6_Dark,6,Cabral_Day5_Col10_Dil6_Dark_06122023_O2.csv,DARK,RUN14,0,6,,6/7/23,tan,18
6/12/23,12:30,12:55,10,Cabral ,Cabral_Col10_Dil7_Dark,7,Cabral_Day5_Col10_Dil7_Dark_06122023_O2.csv,DARK,RUN14,0,7,,6/7/23,tan,18
6/12/23,12:30,12:55,10,Cabral ,Cabral_Col10_Dil8_Dark,8,Cabral_Day5_Col10_Dil8_Dark_06122023_O2.csv,DARK,RUN14,0,9,,6/7/23,tan,18
6/12/23,12:30,12:55,10,Cabral ,Cabral_Col10_Dil9_Dark,9,Cabral_Day5_Col10_Dil9_Dark_06122023_O2.csv,DARK,RUN14,0,10,,6/7/23,tan,18
6/12/23,13:39,14:55,BLANK,Cabral ,Cabral_BlankD5_Dil1_Light,1,Cabral_Day5_Blank_Dil1_Light_06122023_O2.csv,LIGHT,RUN15,1,1,,6/7/23,N/A,BLANK
6/12/23,13:39,14:55,BLANK,Cabral ,Cabral_BlankD5_Dil2_Light,2,Cabral_Day5_Blank_Dil2_Light_06122023_O2.csv,LIGHT,RUN15,1,2,,6/7/23,N/A,BLANK
6/12/23,13:39,14:55,BLANK,Cabral ,Cabral_BlankD5_Dil3_Light,3,Cabral_Day5_Blank_Dil3_Light_06122023_O2.csv,LIGHT,RUN15,1,3,,6/7/23,N/A,BLANK
6/12/23,13:39,14:55,BLANK,Cabral ,Cabral_BlankD5_Dil4_Light,4,Cabral_Day5_Blank_Dil4_Light_06122023_O2.csv,LIGHT,RUN15,1,4,,6/7/23,N/A,BLANK
6/12/23,13:39,14:55,BLANK,Cabral ,Cabral_BlankD5_Dil5_Light,5,Cabral_Day5_Blank_Dil5_Light_06122023_O2.csv,LIGHT,RUN15,1,5,,6/7/23,N/A,BLANK
6/12/23,13:39,14:55,BLANK,Cabral ,Cabral_BlankD5_Dil6_Light,6,Cabral_Day5_Blank_Dil6_Light_06122023_O2.csv,LIGHT,RUN15,1,6,,6/7/23,N/A,BLANK
6/12/23,13:39,14:55,BLANK,Cabral ,Cabral_BlankD5_Dil7_Light,7,Cabral_Day5_Blank_Dil7_Light_06122023_O2.csv,LIGHT,RUN15,1,7,,6/7/23,N/A,BLANK
6/12/23,13:39,14:55,BLANK,Cabral ,Cabral_BlankD5_Dil8_Light,8,Cabral_Day5_Blank_Dil8_Light_06122023_O2.csv,LIGHT,RUN15,1,9,,6/7/23,N/A,BLANK
6/12/23,13:39,14:55,BLANK,Cabral ,Cabral_BlankD5_Dil9_Light,9,Cabral_Day5_Blank_Dil9_Light_06122023_O2.csv,LIGHT,RUN15,1,10,,6/7/23,N/A,BLANK
6/12/23,15:36,16:15,BLANK,Cabral ,Cabral_BlankD5_Dil1_Dark,1,Cabral_Day5_Blank_Dil1_Dark_06122023_O2.csv,DARK,RUN15,1,1,,6/7/23,N/A,BLANK
6/12/23,15:36,16:15,BLANK,Cabral ,Cabral_BlankD5_Dil2_Dark,2,Cabral_Day5_Blank_Dil2_Dark_06122023_O2.csv,DARK,RUN15,1,2,,6/7/23,N/A,BLANK
6/12/23,15:36,16:15,BLANK,Cabral ,Cabral_BlankD5_Dil3_Dark,3,Cabral_Day5_Blank_Dil3_Dark_06122023_O2.csv,DARK,RUN15,1,3,,6/7/23,N/A,BLANK
6/12/23,15:36,16:15,BLANK,Cabral ,Cabral_BlankD5_Dil4_Dark,4,Cabral_Day5_Blank_Dil4_Dark_06122023_O2.csv,DARK,RUN15,1,4,,6/7/23,N/A,BLANK
6/12/23,15:36,16:15,BLANK,Cabral ,Cabral_BlankD5_Dil5_Dark,5,Cabral_Day5_Blank_Dil5_Dark_06122023_O2.csv,DARK,RUN15,1,5,,6/7/23,N/A,BLANK
6/12/23,15:36,16:15,BLANK,Cabral ,Cabral_BlankD5_Dil6_Dark,6,Cabral_Day5_Blank_Dil6_Dark_06122023_O2.csv,DARK,RUN15,1,6,,6/7/23,N/A,BLANK
6/12/23,15:36,16:15,BLANK,Cabral ,Cabral_BlankD5_Dil7_Dark,7,Cabral_Day5_Blank_Dil7_Dark_06122023_O2.csv,DARK,RUN15,1,7,,6/7/23,N/A,BLANK
6/12/23,15:36,16:15,BLANK,Cabral ,Cabral_BlankD5_Dil8_Dark,8,Cabral_Day5_Blank_Dil8_Dark_06122023_O2.csv,DARK,RUN15,1,9,,6/7/23,N/A,BLANK
6/12/23,15:36,16:15,BLANK,Cabral ,Cabral_BlankD5_Dil9_Dark,9,Cabral_Day5_Blank_Dil9_Dark_06122023_O2.csv,DARK,RUN15,1,10,,6/7/23,N/A,BLANK
6/13/23,15:38,16:41,11,Cabral ,Cabral_Col11_Dil1_Light,1,Cabral_Day6_Col11_Dil1_Light_06132023_O2.csv,LIGHT,RUN16,0,1,,6/7/23,red,19
6/13/23,15:38,16:41,11,Cabral ,Cabral_Col11_Dil2_Light,2,Cabral_Day6_Col11_Dil2_Light_06132023_O2.csv,LIGHT,RUN16,0,2,,6/7/23,red,19
6/13/23,15:38,16:41,11,Cabral ,Cabral_Col11_Dil3_Light,3,Cabral_Day6_Col11_Dil3_Light_06132023_O2.csv,LIGHT,RUN16,0,3,,6/7/23,red,19
6/13/23,15:38,16:41,11,Cabral ,Cabral_Col11_Dil4_Light,4,Cabral_Day6_Col11_Dil4_Light_06132023_O2.csv,LIGHT,RUN16,0,4,,6/7/23,red,19
6/13/23,15:38,16:41,11,Cabral ,Cabral_Col11_Dil5_Light,5,Cabral_Day6_Col11_Dil5_Light_06132023_O2.csv,LIGHT,RUN16,0,5,,6/7/23,red,19
6/13/23,15:38,16:41,11,Cabral ,Cabral_Col11_Dil6_Light,6,Cabral_Day6_Col11_Dil6_Light_06132023_O2.csv,LIGHT,RUN16,0,6,,6/7/23,red,19
6/13/23,15:38,16:41,11,Cabral ,Cabral_Col11_Dil7_Light,7,Cabral_Day6_Col11_Dil7_Light_06132023_O2.csv,LIGHT,RUN16,0,7,,6/7/23,red,19
6/13/23,15:38,16:41,11,Cabral ,Cabral_Col11_Dil8_Light,8,Cabral_Day6_Col11_Dil8_Light_06132023_O2.csv,LIGHT,RUN16,0,9,,6/7/23,red,19
6/13/23,15:38,16:41,11,Cabral ,Cabral_Col11_Dil9_Light,9,Cabral_Day6_Col11_Dil9_Light_06132023_O2.csv,LIGHT,RUN16,0,10,,6/7/23,red,19
6/13/23,17:17,17:52,11,Cabral ,Cabral_Col11_Dil1_Dark,1,Cabral_Day6_Col11_Dil1_Dark_06132023_O2.csv,DARK,RUN16,0,1,,6/7/23,red,19
6/13/23,17:17,17:52,11,Cabral ,Cabral_Col11_Dil2_Dark,2,Cabral_Day6_Col11_Dil2_Dark_06132023_O2.csv,DARK,RUN16,0,2,,6/7/23,red,19
6/13/23,17:17,17:52,11,Cabral ,Cabral_Col11_Dil3_Dark,3,Cabral_Day6_Col11_Dil3_Dark_06132023_O2.csv,DARK,RUN16,0,3,,6/7/23,red,19
6/13/23,17:17,17:52,11,Cabral ,Cabral_Col11_Dil4_Dark,4,Cabral_Day6_Col11_Dil4_Dark_06132023_O2.csv,DARK,RUN16,0,4,,6/7/23,red,19
6/13/23,17:17,17:52,11,Cabral ,Cabral_Col11_Dil5_Dark,5,Cabral_Day6_Col11_Dil5_Dark_06132023_O2.csv,DARK,RUN16,0,5,,6/7/23,red,19
6/13/23,17:17,17:52,11,Cabral ,Cabral_Col11_Dil6_Dark,6,Cabral_Day6_Col11_Dil6_Dark_06132023_O2.csv,DARK,RUN16,0,6,,6/7/23,red,19
6/13/23,17:17,17:52,11,Cabral ,Cabral_Col11_Dil7_Dark,7,Cabral_Day6_Col11_Dil7_Dark_06132023_O2.csv,DARK,RUN16,0,7,,6/7/23,red,19
6/13/23,17:17,17:52,11,Cabral ,Cabral_Col11_Dil8_Dark,8,Cabral_Day6_Col11_Dil8_Dark_06132023_O2.csv,DARK,RUN16,0,9,,6/7/23,red,19
6/13/23,17:17,17:52,11,Cabral ,Cabral_Col11_Dil9_Dark,9,Cabral_Day6_Col11_Dil9_Dark_06132023_O2.csv,DARK,RUN16,0,10,,6/7/23,red,19
6/13/23,18:13,19:21,BLANK,Cabral ,Cabral_BlankD6_Dil1_Light,1,Cabral_Day6_Col12_Dil1_Light_06132023_O2.csv,LIGHT,RUN17,0,1,,6/7/23,green,BLANK
6/13/23,18:13,19:21,BLANK,Cabral ,Cabral_BlankD6_Dil2_Light,2,Cabral_Day6_Col12_Dil2_Light_06132023_O2.csv,LIGHT,RUN17,0,2,,6/7/23,green,BLANK
6/13/23,18:13,19:21,BLANK,Cabral ,Cabral_BlankD6_Dil3_Light,3,Cabral_Day6_Col12_Dil3_Light_06132023_O2.csv,LIGHT,RUN17,0,3,,6/7/23,green,BLANK
6/13/23,18:13,19:21,BLANK,Cabral ,Cabral_BlankD6_Dil4_Light,4,Cabral_Day6_Col12_Dil4_Light_06132023_O2.csv,LIGHT,RUN17,0,4,,6/7/23,green,BLANK
6/13/23,18:13,19:21,BLANK,Cabral ,Cabral_BlankD6_Dil5_Light,5,Cabral_Day6_Col12_Dil5_Light_06132023_O2.csv,LIGHT,RUN17,0,5,,6/7/23,green,BLANK
6/13/23,18:13,19:21,BLANK,Cabral ,Cabral_BlankD6_Dil6_Light,6,Cabral_Day6_Col12_Dil6_Light_06132023_O2.csv,LIGHT,RUN17,0,6,,6/7/23,green,BLANK
6/13/23,18:13,19:21,BLANK,Cabral ,Cabral_BlankD6_Dil7_Light,7,Cabral_Day6_Col12_Dil7_Light_06132023_O2.csv,LIGHT,RUN17,0,7,,6/7/23,green,BLANK
6/13/23,18:13,19:21,BLANK,Cabral ,Cabral_BlankD6_Dil8_Light,8,Cabral_Day6_Col12_Dil8_Light_06132023_O2.csv,LIGHT,RUN17,0,9,,6/7/23,green,BLANK
6/13/23,18:13,19:21,BLANK,Cabral ,Cabral_BlankD6_Dil9_Light,9,Cabral_Day6_Col12_Dil9_Light_06132023_O2.csv,LIGHT,RUN17,0,10,,6/7/23,green,BLANK
6/13/23,20:04,20:39,BLANK,Cabral ,Cabral_BlankD6_Dil1_Dark,1,Cabral_Day6_Col12_Dil1_Dark_06132023_O2.csv,DARK,RUN17,0,1,,6/7/23,green,BLANK
6/13/23,20:04,20:39,BLANK,Cabral ,Cabral_BlankD6_Dil2_Dark,2,Cabral_Day6_Col12_Dil2_Dark_06132023_O2.csv,DARK,RUN17,0,2,,6/7/23,green,BLANK
6/13/23,20:04,20:39,BLANK,Cabral ,Cabral_BlankD6_Dil3_Dark,3,Cabral_Day6_Col12_Dil3_Dark_06132023_O2.csv,DARK,RUN17,0,3,,6/7/23,green,BLANK
6/13/23,20:04,20:39,BLANK,Cabral ,Cabral_BlankD6_Dil4_Dark,4,Cabral_Day6_Col12_Dil4_Dark_06132023_O2.csv,DARK,RUN17,0,4,,6/7/23,green,BLANK
6/13/23,20:04,20:39,BLANK,Cabral ,Cabral_BlankD6_Dil5_Dark,5,Cabral_Day6_Col12_Dil5_Dark_06132023_O2.csv,DARK,RUN17,0,5,,6/7/23,green,BLANK
6/13/23,20:04,20:39,BLANK,Cabral ,Cabral_BlankD6_Dil6_Dark,6,Cabral_Day6_Col12_Dil6_Dark_06132023_O2.csv,DARK,RUN17,0,6,,6/7/23,green,BLANK
6/13/23,20:04,20:39,BLANK,Cabral ,Cabral_BlankD6_Dil7_Dark,7,Cabral_Day6_Col12_Dil7_Dark_06132023_O2.csv,DARK,RUN17,0,7,,6/7/23,green,BLANK
6/13/23,20:04,20:39,BLANK,Cabral ,Cabral_BlankD6_Dil8_Dark,8,Cabral_Day6_Col12_Dil8_Dark_06132023_O2.csv,DARK,RUN17,0,9,,6/7/23,green,BLANK
6/13/23,20:04,20:39,BLANK,Cabral ,Cabral_BlankD6_Dil9_Dark,9,Cabral_Day6_Col12_Dil9_Dark_06132023_O2.csv,DARK,RUN17,0,10,,6/7/23,green,BLANK
6/13/23,20:54,21:57,12,Cabral ,Cabral_Col12_Dil1_Light,1,Cabral_Day6_Blank_Dil1_Light_06132023_O2.csv,LIGHT,RUN18,1,1,,6/7/23,N/A,20
6/13/23,20:54,21:57,12,Cabral ,Cabral_Col12_Dil2_Light,2,Cabral_Day6_Blank_Dil2_Light_06132023_O2.csv,LIGHT,RUN18,1,2,,6/7/23,N/A,20
6/13/23,20:54,21:57,12,Cabral ,Cabral_Col12_Dil3_Light,3,Cabral_Day6_Blank_Dil3_Light_06132023_O2.csv,LIGHT,RUN18,1,3,,6/7/23,N/A,20
6/13/23,20:54,21:57,12,Cabral ,Cabral_Col12_Dil4_Light,4,Cabral_Day6_Blank_Dil4_Light_06132023_O2.csv,LIGHT,RUN18,1,4,,6/7/23,N/A,20
6/13/23,20:54,21:57,12,Cabral ,Cabral_Col12_Dil5_Light,5,Cabral_Day6_Blank_Dil5_Light_06132023_O2.csv,LIGHT,RUN18,1,5,,6/7/23,N/A,20
6/13/23,20:54,21:57,12,Cabral ,Cabral_Col12_Dil6_Light,6,Cabral_Day6_Blank_Dil6_Light_06132023_O2.csv,LIGHT,RUN18,1,6,,6/7/23,N/A,20
6/13/23,20:54,21:57,12,Cabral ,Cabral_Col12_Dil7_Light,7,Cabral_Day6_Blank_Dil7_Light_06132023_O2.csv,LIGHT,RUN18,1,7,,6/7/23,N/A,20
6/13/23,20:54,21:57,12,Cabral ,Cabral_Col12_Dil8_Light,8,Cabral_Day6_Blank_Dil8_Light_06132023_O2.csv,LIGHT,RUN18,1,9,,6/7/23,N/A,20
6/13/23,20:54,21:57,12,Cabral ,Cabral_Col12_Dil9_Light,9,Cabral_Day6_Blank_Dil9_Light_06132023_O2.csv,LIGHT,RUN18,1,10,,6/7/23,N/A,20
6/13/23,20:25,23:01,12,Cabral ,Cabral_Col12_Dil1_Dark,1,Cabral_Day6_Blank_Dil1_Dark_06132023_O2.csv,DARK,RUN18,1,1,,6/7/23,N/A,20
6/13/23,20:25,23:01,12,Cabral ,Cabral_Col12_Dil2_Dark,2,Cabral_Day6_Blank_Dil2_Dark_06132023_O2.csv,DARK,RUN18,1,2,,6/7/23,N/A,20
6/13/23,20:25,23:01,12,Cabral ,Cabral_Col12_Dil3_Dark,3,Cabral_Day6_Blank_Dil3_Dark_06132023_O2.csv,DARK,RUN18,1,3,,6/7/23,N/A,20
6/13/23,20:25,23:01,12,Cabral ,Cabral_Col12_Dil4_Dark,4,Cabral_Day6_Blank_Dil4_Dark_06132023_O2.csv,DARK,RUN18,1,4,,6/7/23,N/A,20
6/13/23,20:25,23:01,12,Cabral ,Cabral_Col12_Dil5_Dark,5,Cabral_Day6_Blank_Dil5_Dark_06132023_O2.csv,DARK,RUN18,1,5,,6/7/23,N/A,20
6/13/23,20:25,23:01,12,Cabral ,Cabral_Col12_Dil6_Dark,6,Cabral_Day6_Blank_Dil6_Dark_06132023_O2.csv,DARK,RUN18,1,6,,6/7/23,N/A,20
6/13/23,20:25,23:01,12,Cabral ,Cabral_Col12_Dil7_Dark,7,Cabral_Day6_Blank_Dil7_Dark_06132023_O2.csv,DARK,RUN18,1,7,,6/7/23,N/A,20
6/13/23,20:25,23:01,12,Cabral ,Cabral_Col12_Dil8_Dark,8,Cabral_Day6_Blank_Dil8_Dark_06132023_O2.csv,DARK,RUN18,1,9,,6/7/23,N/A,20
6/13/23,20:25,23:01,12,Cabral ,Cabral_Col12_Dil9_Dark,9,Cabral_Day6_Blank_Dil9_Dark_06132023_O2.csv,DARK,RUN18,1,10,,6/7/23,N/A,20
6/17/23,8:11,9:29,1,Varari ,Varari_Col1_Dil1_Light,1,Varari_Day1_Col1_Dil1_Light_06172023_O2.csv,LIGHT,RUN19,0,1,,6/15/23,light_blue,1
6/17/23,8:11,9:29,1,Varari ,Varari_Col1_Dil2_Light,2,Varari_Day1_Col1_Dil2_Light_06172023_O2.csv,LIGHT,RUN19,0,2,,6/15/23,light_blue,1
6/17/23,8:11,9:29,1,Varari ,Varari_Col1_Dil3_Light,3,Varari_Day1_Col1_Dil3_Light_06172023_O2.csv,LIGHT,RUN19,0,3,,6/15/23,light_blue,1
6/17/23,8:11,9:29,1,Varari ,Varari_Col1_Dil4_Light,4,Varari_Day1_Col1_Dil4_Light_06172023_O2.csv,LIGHT,RUN19,0,4,,6/15/23,light_blue,1
6/17/23,8:11,9:29,1,Varari ,Varari_Col1_Dil5_Light,5,Varari_Day1_Col1_Dil5_Light_06172023_O2.csv,LIGHT,RUN19,0,5,,6/15/23,light_blue,1
6/17/23,8:11,9:29,1,Varari ,Varari_Col1_Dil6_Light,6,Varari_Day1_Col1_Dil6_Light_06172023_O2.csv,LIGHT,RUN19,0,6,,6/15/23,light_blue,1
6/17/23,8:11,9:29,1,Varari ,Varari_Col1_Dil7_Light,7,Varari_Day1_Col1_Dil7_Light_06172023_O2.csv,LIGHT,RUN19,0,7,,6/15/23,light_blue,1
6/17/23,8:11,9:29,1,Varari ,Varari_Col1_Dil8_Light,8,Varari_Day1_Col1_Dil8_Light_06172023_O2.csv,LIGHT,RUN19,0,9,,6/15/23,light_blue,1
6/17/23,8:11,9:29,1,Varari ,Varari_Col1_Dil9_Light,9,Varari_Day1_Col1_Dil9_Light_06172023_O2.csv,LIGHT,RUN19,0,10,,6/15/23,light_blue,1
6/17/23,9:58,10:35,1,Varari ,Varari_Col1_Dil1_Dark,1,Varari_Day1_Col1_Dil1_Dark_06172023_O2.csv,DARK,RUN19,0,1,,6/15/23,light_blue,1
6/17/23,9:58,10:35,1,Varari ,Varari_Col1_Dil2_Dark,2,Varari_Day1_Col1_Dil2_Dark_06172023_O2.csv,DARK,RUN19,0,2,,6/15/23,light_blue,1
6/17/23,9:58,10:35,1,Varari ,Varari_Col1_Dil3_Dark,3,Varari_Day1_Col1_Dil3_Dark_06172023_O2.csv,DARK,RUN19,0,3,,6/15/23,light_blue,1
6/17/23,9:58,10:35,1,Varari ,Varari_Col1_Dil4_Dark,4,Varari_Day1_Col1_Dil4_Dark_06172023_O2.csv,DARK,RUN19,0,4,,6/15/23,light_blue,1
6/17/23,9:58,10:35,1,Varari ,Varari_Col1_Dil5_Dark,5,Varari_Day1_Col1_Dil5_Dark_06172023_O2.csv,DARK,RUN19,0,5,,6/15/23,light_blue,1
6/17/23,9:58,10:35,1,Varari ,Varari_Col1_Dil6_Dark,6,Varari_Day1_Col1_Dil6_Dark_06172023_O2.csv,DARK,RUN19,0,6,,6/15/23,light_blue,1
6/17/23,9:58,10:35,1,Varari ,Varari_Col1_Dil7_Dark,7,Varari_Day1_Col1_Dil7_Dark_06172023_O2.csv,DARK,RUN19,0,7,,6/15/23,light_blue,1
6/17/23,9:58,10:35,1,Varari ,Varari_Col1_Dil8_Dark,8,Varari_Day1_Col1_Dil8_Dark_06172023_O2.csv,DARK,RUN19,0,9,,6/15/23,light_blue,1
6/17/23,9:58,10:35,1,Varari ,Varari_Col1_Dil9_Dark,9,Varari_Day1_Col1_Dil9_Dark_06172023_O2.csv,DARK,RUN19,0,10,,6/15/23,light_blue,1
6/17/23,11:03,12:06,2,Varari ,Varari_Col2_Dil1_Light,1,Varari_Day1_Col2_Dil1_Light_06172023_O2.csv,LIGHT,RUN20,0,1,,6/15/23,yellow,2
6/17/23,11:03,12:06,2,Varari ,Varari_Col2_Dil2_Light,2,Varari_Day1_Col2_Dil2_Light_06172023_O2.csv,LIGHT,RUN20,0,2,,6/15/23,yellow,2
6/17/23,11:03,12:06,2,Varari ,Varari_Col2_Dil3_Light,3,Varari_Day1_Col2_Dil3_Light_06172023_O2.csv,LIGHT,RUN20,0,3,,6/15/23,yellow,2
6/17/23,11:03,12:06,2,Varari ,Varari_Col2_Dil4_Light,4,Varari_Day1_Col2_Dil4_Light_06172023_O2.csv,LIGHT,RUN20,0,4,,6/15/23,yellow,2
6/17/23,11:03,12:06,2,Varari ,Varari_Col2_Dil5_Light,5,Varari_Day1_Col2_Dil5_Light_06172023_O2.csv,LIGHT,RUN20,0,5,,6/15/23,yellow,2
6/17/23,11:03,12:06,2,Varari ,Varari_Col2_Dil6_Light,6,Varari_Day1_Col2_Dil6_Light_06172023_O2.csv,LIGHT,RUN20,0,6,,6/15/23,yellow,2
6/17/23,11:03,12:06,2,Varari ,Varari_Col2_Dil7_Light,7,Varari_Day1_Col2_Dil7_Light_06172023_O2.csv,LIGHT,RUN20,0,7,,6/15/23,yellow,2
6/17/23,11:03,12:06,2,Varari ,Varari_Col2_Dil8_Light,8,Varari_Day1_Col2_Dil8_Light_06172023_O2.csv,LIGHT,RUN20,0,9,,6/15/23,yellow,2
6/17/23,11:03,12:06,2,Varari ,Varari_Col2_Dil9_Light,9,Varari_Day1_Col2_Dil9_Light_06172023_O2.csv,LIGHT,RUN20,0,10,,6/15/23,yellow,2
6/17/23,12:39,13:13,2,Varari ,Varari_Col2_Dil1_Dark,1,Varari_Day1_Col2_Dil1_Dark_06172023_O2.csv,DARK,RUN20,0,1,,6/15/23,yellow,2
6/17/23,12:39,13:13,2,Varari ,Varari_Col2_Dil2_Dark,2,Varari_Day1_Col2_Dil2_Dark_06172023_O2.csv,DARK,RUN20,0,2,,6/15/23,yellow,2
6/17/23,12:39,13:13,2,Varari ,Varari_Col2_Dil3_Dark,3,Varari_Day1_Col2_Dil3_Dark_06172023_O2.csv,DARK,RUN20,0,3,,6/15/23,yellow,2
6/17/23,12:39,13:13,2,Varari ,Varari_Col2_Dil4_Dark,4,Varari_Day1_Col2_Dil4_Dark_06172023_O2.csv,DARK,RUN20,0,4,,6/15/23,yellow,2
6/17/23,12:39,13:13,2,Varari ,Varari_Col2_Dil5_Dark,5,Varari_Day1_Col2_Dil5_Dark_06172023_O2.csv,DARK,RUN20,0,5,,6/15/23,yellow,2
6/17/23,12:39,13:13,2,Varari ,Varari_Col2_Dil6_Dark,6,Varari_Day1_Col2_Dil6_Dark_06172023_O2.csv,DARK,RUN20,0,6,,6/15/23,yellow,2
6/17/23,12:39,13:13,2,Varari ,Varari_Col2_Dil7_Dark,7,Varari_Day1_Col2_Dil7_Dark_06172023_O2.csv,DARK,RUN20,0,7,,6/15/23,yellow,2
6/17/23,12:39,13:13,2,Varari ,Varari_Col2_Dil8_Dark,8,Varari_Day1_Col2_Dil8_Dark_06172023_O2.csv,DARK,RUN20,0,9,,6/15/23,yellow,2
6/17/23,12:39,13:13,2,Varari ,Varari_Col2_Dil9_Dark,9,Varari_Day1_Col2_Dil9_Dark_06172023_O2.csv,DARK,RUN20,0,10,,6/15/23,yellow,2
6/17/23,16:35,17:47,3,Varari ,Varari_Col3_Dil1_Light,1,Varari_Day1_Col3_Dil1_Light_06172023_O2.csv,LIGHT,RUN21,0,1,,6/15/23,orange,3
6/17/23,16:35,17:47,3,Varari ,Varari_Col3_Dil2_Light,2,Varari_Day1_Col3_Dil2_Light_06172023_O2.csv,LIGHT,RUN21,0,2,,6/15/23,orange,3
6/17/23,16:35,17:47,3,Varari ,Varari_Col3_Dil3_Light,3,Varari_Day1_Col3_Dil3_Light_06172023_O2.csv,LIGHT,RUN21,0,3,,6/15/23,orange,3
6/17/23,16:35,17:47,3,Varari ,Varari_Col3_Dil4_Light,4,Varari_Day1_Col3_Dil4_Light_06172023_O2.csv,LIGHT,RUN21,0,4,,6/15/23,orange,3
6/17/23,16:35,17:47,3,Varari ,Varari_Col3_Dil5_Light,5,Varari_Day1_Col3_Dil5_Light_06172023_O2.csv,LIGHT,RUN21,0,5,,6/15/23,orange,3
6/17/23,16:35,17:47,3,Varari ,Varari_Col3_Dil6_Light,6,Varari_Day1_Col3_Dil6_Light_06172023_O2.csv,LIGHT,RUN21,0,6,,6/15/23,orange,3
6/17/23,16:35,17:47,3,Varari ,Varari_Col3_Dil7_Light,7,Varari_Day1_Col3_Dil7_Light_06172023_O2.csv,LIGHT,RUN21,0,7,,6/15/23,orange,3
6/17/23,16:35,17:47,3,Varari ,Varari_Col3_Dil8_Light,8,Varari_Day1_Col3_Dil8_Light_06172023_O2.csv,LIGHT,RUN21,0,9,,6/15/23,orange,3
6/17/23,16:35,17:47,3,Varari ,Varari_Col3_Dil9_Light,9,Varari_Day1_Col3_Dil9_Light_06172023_O2.csv,LIGHT,RUN21,0,10,,6/15/23,orange,3
6/17/23,18:13,18:51,3,Varari ,Varari_Col3_Dil1_Dark,1,Varari_Day1_Col3_Dil1_Dark_06172023_O2.csv,DARK,RUN21,0,1,,6/15/23,orange,3
6/17/23,18:13,18:51,3,Varari ,Varari_Col3_Dil2_Dark,2,Varari_Day1_Col3_Dil2_Dark_06172023_O2.csv,DARK,RUN21,0,2,,6/15/23,orange,3
6/17/23,18:13,18:51,3,Varari ,Varari_Col3_Dil3_Dark,3,Varari_Day1_Col3_Dil3_Dark_06172023_O2.csv,DARK,RUN21,0,3,,6/15/23,orange,3
6/17/23,18:13,18:51,3,Varari ,Varari_Col3_Dil4_Dark,4,Varari_Day1_Col3_Dil4_Dark_06172023_O2.csv,DARK,RUN21,0,4,,6/15/23,orange,3
6/17/23,18:13,18:51,3,Varari ,Varari_Col3_Dil5_Dark,5,Varari_Day1_Col3_Dil5_Dark_06172023_O2.csv,DARK,RUN21,0,5,,6/15/23,orange,3
6/17/23,18:13,18:51,3,Varari ,Varari_Col3_Dil6_Dark,6,Varari_Day1_Col3_Dil6_Dark_06172023_O2.csv,DARK,RUN21,0,6,,6/15/23,orange,3
6/17/23,18:13,18:51,3,Varari ,Varari_Col3_Dil7_Dark,7,Varari_Day1_Col3_Dil7_Dark_06172023_O2.csv,DARK,RUN21,0,7,,6/15/23,orange,3
6/17/23,18:13,18:51,3,Varari ,Varari_Col3_Dil8_Dark,8,Varari_Day1_Col3_Dil8_Dark_06172023_O2.csv,DARK,RUN21,0,9,,6/15/23,orange,3
6/17/23,18:13,18:51,3,Varari ,Varari_Col3_Dil9_Dark,9,Varari_Day1_Col3_Dil9_Dark_06172023_O2.csv,DARK,RUN21,0,10,,6/15/23,orange,3
6/17/23,13:41,14:58,BLANK,Varari ,Varari_BlankD1_Dil1_Light,1,Varari_Day1_Blank_Dil1_Light_06172023_O2.csv,LIGHT,RUN22,1,1,,6/15/23,N/A,BLANK
6/17/23,13:41,14:58,BLANK,Varari ,Varari_BlankD1_Dil2_Light,2,Varari_Day1_Blank_Dil2_Light_06172023_O2.csv,LIGHT,RUN22,1,2,,6/15/23,N/A,BLANK
6/17/23,13:41,14:58,BLANK,Varari ,Varari_BlankD1_Dil3_Light,3,Varari_Day1_Blank_Dil3_Light_06172023_O2.csv,LIGHT,RUN22,1,3,,6/15/23,N/A,BLANK
6/17/23,13:41,14:58,BLANK,Varari ,Varari_BlankD1_Dil4_Light,4,Varari_Day1_Blank_Dil4_Light_06172023_O2.csv,LIGHT,RUN22,1,4,,6/15/23,N/A,BLANK
6/17/23,13:41,14:58,BLANK,Varari ,Varari_BlankD1_Dil5_Light,5,Varari_Day1_Blank_Dil5_Light_06172023_O2.csv,LIGHT,RUN22,1,5,,6/15/23,N/A,BLANK
6/17/23,13:41,14:58,BLANK,Varari ,Varari_BlankD1_Dil6_Light,6,Varari_Day1_Blank_Dil6_Light_06172023_O2.csv,LIGHT,RUN22,1,6,,6/15/23,N/A,BLANK
6/17/23,13:41,14:58,BLANK,Varari ,Varari_BlankD1_Dil7_Light,7,Varari_Day1_Blank_Dil7_Light_06172023_O2.csv,LIGHT,RUN22,1,7,,6/15/23,N/A,BLANK
6/17/23,13:41,14:58,BLANK,Varari ,Varari_BlankD1_Dil8_Light,8,Varari_Day1_Blank_Dil8_Light_06172023_O2.csv,LIGHT,RUN22,1,9,,6/15/23,N/A,BLANK
6/17/23,13:41,14:58,BLANK,Varari ,Varari_BlankD1_Dil9_Light,9,Varari_Day1_Blank_Dil9_Light_06172023_O2.csv,LIGHT,RUN22,1,10,,6/15/23,N/A,BLANK
6/17/23,16:36,17:47,BLANK,Varari ,Varari_rerunBlankD1_Dil7_Light,7,Varari_Day1_Blankrerun_Dil7_Light_06172023_O2.csv,LIGHT,RUN22,1,8,,6/15/23,N/A,BLANK
6/17/23,15:32,16:11,BLANK,Varari ,Varari_BlankD1_Dil1_Dark,1,Varari_Day1_Blank_Dil1_Dark_06172023_O2.csv,DARK,RUN22,1,1,,6/15/23,N/A,BLANK
6/17/23,15:32,16:11,BLANK,Varari ,Varari_BlankD1_Dil2_Dark,2,Varari_Day1_Blank_Dil2_Dark_06172023_O2.csv,DARK,RUN22,1,2,,6/15/23,N/A,BLANK
6/17/23,15:32,16:11,BLANK,Varari ,Varari_BlankD1_Dil3_Dark,3,Varari_Day1_Blank_Dil3_Dark_06172023_O2.csv,DARK,RUN22,1,3,,6/15/23,N/A,BLANK
6/17/23,15:32,16:11,BLANK,Varari ,Varari_BlankD1_Dil4_Dark,4,Varari_Day1_Blank_Dil4_Dark_06172023_O2.csv,DARK,RUN22,1,4,,6/15/23,N/A,BLANK
6/17/23,15:32,16:11,BLANK,Varari ,Varari_BlankD1_Dil5_Dark,5,Varari_Day1_Blank_Dil5_Dark_06172023_O2.csv,DARK,RUN22,1,5,,6/15/23,N/A,BLANK
6/17/23,15:32,16:11,BLANK,Varari ,Varari_BlankD1_Dil6_Dark,6,Varari_Day1_Blank_Dil6_Dark_06172023_O2.csv,DARK,RUN22,1,6,,6/15/23,N/A,BLANK
6/17/23,15:32,16:11,BLANK,Varari ,Varari_BlankD1_Dil7_Dark,7,Varari_Day1_Blank_Dil7_Dark_06172023_O2.csv,DARK,RUN22,1,7,,6/15/23,N/A,BLANK
6/17/23,15:32,16:11,BLANK,Varari ,Varari_BlankD1_Dil8_Dark,8,Varari_Day1_Blank_Dil8_Dark_06172023_O2.csv,DARK,RUN22,1,9,,6/15/23,N/A,BLANK
6/17/23,15:32,16:11,BLANK,Varari ,Varari_BlankD1_Dil9_Dark,9,Varari_Day1_Blank_Dil9_Dark_06172023_O2.csv,DARK,RUN22,1,10,,6/15/23,N/A,BLANK
6/17/23,18:14,18:51,BLANK,Varari ,Varari_rerunBlankD1_Dil7_Dark,7,Varari_Day1_Blankrerun_Dil7_Dark_06172023_O2.csv,DARK,RUN22,1,8,,6/15/23,N/A,BLANK
6/18/23,10:32,11:35,4,Varari ,Varari_Col4_Dil1_Light,1,Varari_Day2_Col4_Dil1_Light_06182023_O2.csv,LIGHT,RUN23,0,1,,6/15/23,green,4
6/18/23,10:32,11:35,4,Varari ,Varari_Col4_Dil2_Light,2,Varari_Day2_Col4_Dil2_Light_06182023_O2.csv,LIGHT,RUN23,0,2,,6/15/23,green,4
6/18/23,10:32,11:35,4,Varari ,Varari_Col4_Dil3_Light,3,Varari_Day2_Col4_Dil3_Light_06182023_O2.csv,LIGHT,RUN23,0,3,,6/15/23,green,4
6/18/23,10:32,11:35,4,Varari ,Varari_Col4_Dil4_Light,4,Varari_Day2_Col4_Dil4_Light_06182023_O2.csv,LIGHT,RUN23,0,4,,6/15/23,green,4
6/18/23,10:32,11:35,4,Varari ,Varari_Col4_Dil5_Light,5,Varari_Day2_Col4_Dil5_Light_06182023_O2.csv,LIGHT,RUN23,0,5,,6/15/23,green,4
6/18/23,10:32,11:35,4,Varari ,Varari_Col4_Dil6_Light,6,Varari_Day2_Col4_Dil6_Light_06182023_O2.csv,LIGHT,RUN23,0,6,,6/15/23,green,4
6/18/23,10:32,11:35,4,Varari ,Varari_Col4_Dil7_Light,7,Varari_Day2_Col4_Dil7_Light_06182023_O2.csv,LIGHT,RUN23,0,7,,6/15/23,green,4
6/18/23,10:32,11:35,4,Varari ,Varari_Col4_Dil8_Light,8,Varari_Day2_Col4_Dil8_Light_06182023_O2.csv,LIGHT,RUN23,0,9,,6/15/23,green,4
6/18/23,10:32,11:35,4,Varari ,Varari_Col4_Dil9_Light,9,Varari_Day2_Col4_Dil9_Light_06182023_O2.csv,LIGHT,RUN23,0,10,,6/15/23,green,4
6/18/23,12:04,12:38,4,Varari ,Varari_Col4_Dil1_Dark,1,Varari_Day2_Col4_Dil1_Dark_06182023_O2.csv,DARK,RUN23,0,1,,6/15/23,green,4
6/18/23,12:04,12:38,4,Varari ,Varari_Col4_Dil2_Dark,2,Varari_Day2_Col4_Dil2_Dark_06182023_O2.csv,DARK,RUN23,0,2,,6/15/23,green,4
6/18/23,12:04,12:38,4,Varari ,Varari_Col4_Dil3_Dark,3,Varari_Day2_Col4_Dil3_Dark_06182023_O2.csv,DARK,RUN23,0,3,,6/15/23,green,4
6/18/23,12:04,12:38,4,Varari ,Varari_Col4_Dil4_Dark,4,Varari_Day2_Col4_Dil4_Dark_06182023_O2.csv,DARK,RUN23,0,4,,6/15/23,green,4
6/18/23,12:04,12:38,4,Varari ,Varari_Col4_Dil5_Dark,5,Varari_Day2_Col4_Dil5_Dark_06182023_O2.csv,DARK,RUN23,0,5,,6/15/23,green,4
6/18/23,12:04,12:38,4,Varari ,Varari_Col4_Dil6_Dark,6,Varari_Day2_Col4_Dil6_Dark_06182023_O2.csv,DARK,RUN23,0,6,,6/15/23,green,4
6/18/23,12:04,12:38,4,Varari ,Varari_Col4_Dil7_Dark,7,Varari_Day2_Col4_Dil7_Dark_06182023_O2.csv,DARK,RUN23,0,7,,6/15/23,green,4
6/18/23,12:04,12:38,4,Varari ,Varari_Col4_Dil8_Dark,8,Varari_Day2_Col4_Dil8_Dark_06182023_O2.csv,DARK,RUN23,0,9,,6/15/23,green,4
6/18/23,12:04,12:38,4,Varari ,Varari_Col4_Dil9_Dark,9,Varari_Day2_Col4_Dil9_Dark_06182023_O2.csv,DARK,RUN23,0,10,,6/15/23,green,4
6/18/23,12:53,13:59,BLANK,Varari ,Varari_BlankD2_Dil1_Light,1,Varari_Day2_Blank_Dil1_Light_06182023_O2.csv,LIGHT,RUN24,1,1,,6/15/23,N/A,BLANK
6/18/23,12:53,13:59,BLANK,Varari ,Varari_BlankD2_Dil2_Light,2,Varari_Day2_Blank_Dil2_Light_06182023_O2.csv,LIGHT,RUN24,1,2,,6/15/23,N/A,BLANK
6/18/23,12:53,13:59,BLANK,Varari ,Varari_BlankD2_Dil3_Light,3,Varari_Day2_Blank_Dil3_Light_06182023_O2.csv,LIGHT,RUN24,1,3,,6/15/23,N/A,BLANK
6/18/23,12:53,13:59,BLANK,Varari ,Varari_BlankD2_Dil4_Light,4,Varari_Day2_Blank_Dil4_Light_06182023_O2.csv,LIGHT,RUN24,1,4,,6/15/23,N/A,BLANK
6/18/23,12:53,13:59,BLANK,Varari ,Varari_BlankD2_Dil5_Light,5,Varari_Day2_Blank_Dil5_Light_06182023_O2.csv,LIGHT,RUN24,1,5,,6/15/23,N/A,BLANK
6/18/23,12:53,13:59,BLANK,Varari ,Varari_BlankD2_Dil6_Light,6,Varari_Day2_Blank_Dil6_Light_06182023_O2.csv,LIGHT,RUN24,1,6,,6/15/23,N/A,BLANK
6/18/23,12:53,13:59,BLANK,Varari ,Varari_BlankD2_Dil7_Light,7,Varari_Day2_Blank_Dil7_Light_06182023_O2.csv,LIGHT,RUN24,1,7,,6/15/23,N/A,BLANK
6/18/23,12:53,13:59,BLANK,Varari ,Varari_BlankD2_Dil8_Light,8,Varari_Day2_Blank_Dil8_Light_06182023_O2.csv,LIGHT,RUN24,1,9,,6/15/23,N/A,BLANK
6/18/23,12:53,13:59,BLANK,Varari ,Varari_BlankD2_Dil9_Light,9,Varari_Day2_Blank_Dil9_Light_06182023_O2.csv,LIGHT,RUN24,1,10,,6/15/23,N/A,BLANK
6/18/23,14:27,15:04,BLANK,Varari ,Varari_BlankD2_Dil1_Dark,1,Varari_Day2_Blank_Dil1_Dark_06182023_O2.csv,DARK,RUN24,1,1,,6/15/23,N/A,BLANK
6/18/23,14:27,15:04,BLANK,Varari ,Varari_BlankD2_Dil2_Dark,2,Varari_Day2_Blank_Dil2_Dark_06182023_O2.csv,DARK,RUN24,1,2,,6/15/23,N/A,BLANK
6/18/23,14:27,15:04,BLANK,Varari ,Varari_BlankD2_Dil3_Dark,3,Varari_Day2_Blank_Dil3_Dark_06182023_O2.csv,DARK,RUN24,1,3,,6/15/23,N/A,BLANK
6/18/23,14:27,15:04,BLANK,Varari ,Varari_BlankD2_Dil4_Dark,4,Varari_Day2_Blank_Dil4_Dark_06182023_O2.csv,DARK,RUN24,1,4,,6/15/23,N/A,BLANK
6/18/23,14:27,15:04,BLANK,Varari ,Varari_BlankD2_Dil5_Dark,5,Varari_Day2_Blank_Dil5_Dark_06182023_O2.csv,DARK,RUN24,1,5,,6/15/23,N/A,BLANK
6/18/23,14:27,15:04,BLANK,Varari ,Varari_BlankD2_Dil6_Dark,6,Varari_Day2_Blank_Dil6_Dark_06182023_O2.csv,DARK,RUN24,1,6,,6/15/23,N/A,BLANK
6/18/23,14:27,15:04,BLANK,Varari ,Varari_BlankD2_Dil7_Dark,7,Varari_Day2_Blank_Dil7_Dark_06182023_O2.csv,DARK,RUN24,1,7,,6/15/23,N/A,BLANK
6/18/23,14:27,15:04,BLANK,Varari ,Varari_BlankD2_Dil8_Dark,8,Varari_Day2_Blank_Dil8_Dark_06182023_O2.csv,DARK,RUN24,1,9,,6/15/23,N/A,BLANK
6/18/23,14:27,15:04,BLANK,Varari ,Varari_BlankD2_Dil9_Dark,9,Varari_Day2_Blank_Dil9_Dark_06182023_O2.csv,DARK,RUN24,1,10,,6/15/23,N/A,BLANK
6/21/23,7:38,8:42,5,Varari ,Varari_Col5_Dil2_Light,2,Varari_Day3_Col5_Dil2_Light_06212023_O2.csv,LIGHT,RUN25,0,2,,6/15/23,purple,5
6/21/23,7:38,8:42,5,Varari ,Varari_Col5_Dil3_Light,3,Varari_Day3_Col5_Dil3_Light_06212023_O2.csv,LIGHT,RUN25,0,3,,6/15/23,purple,5
6/21/23,7:38,8:42,5,Varari ,Varari_Col5_Dil4_Light,4,Varari_Day3_Col5_Dil4_Light_06212023_O2.csv,LIGHT,RUN25,0,4,,6/15/23,purple,5
6/21/23,7:38,8:42,5,Varari ,Varari_Col5_Dil5_Light,5,Varari_Day3_Col5_Dil5_Light_06212023_O2.csv,LIGHT,RUN25,0,5,,6/15/23,purple,5
6/21/23,7:38,8:42,5,Varari ,Varari_Col5_Dil6_Light,6,Varari_Day3_Col5_Dil6_Light_06212023_O2.csv,LIGHT,RUN25,0,6,,6/15/23,purple,5
6/21/23,7:38,8:42,5,Varari ,Varari_Col5_Dil7_Light,7,Varari_Day3_Col5_Dil7_Light_06212023_O2.csv,LIGHT,RUN25,0,7,,6/15/23,purple,5
6/21/23,7:38,8:42,5,Varari ,Varari_Col5_Dil8_Light,8,Varari_Day3_Col5_Dil8_Light_06212023_O2.csv,LIGHT,RUN25,0,9,,6/15/23,purple,5
6/21/23,7:38,8:42,5,Varari ,Varari_Col5_Dil9_Light,9,Varari_Day3_Col5_Dil9_Light_06212023_O2.csv,LIGHT,RUN25,0,10,,6/15/23,purple,5
6/21/23,9:10,9:44,5,Varari ,Varari_Col5_Dil1_Dark,1,Varari_Day3_Col5_Dil1_Dark_06212023_O2.csv,DARK,RUN25,0,1,,6/15/23,purple,5
6/21/23,9:10,9:44,5,Varari ,Varari_Col5_Dil2_Dark,2,Varari_Day3_Col5_Dil2_Dark_06212023_O2.csv,DARK,RUN25,0,2,,6/15/23,purple,5
6/21/23,9:10,9:44,5,Varari ,Varari_Col5_Dil3_Dark,3,Varari_Day3_Col5_Dil3_Dark_06212023_O2.csv,DARK,RUN25,0,3,,6/15/23,purple,5
6/21/23,9:10,9:44,5,Varari ,Varari_Col5_Dil4_Dark,4,Varari_Day3_Col5_Dil4_Dark_06212023_O2.csv,DARK,RUN25,0,4,,6/15/23,purple,5
6/21/23,9:10,9:44,5,Varari ,Varari_Col5_Dil5_Dark,5,Varari_Day3_Col5_Dil5_Dark_06212023_O2.csv,DARK,RUN25,0,5,,6/15/23,purple,5
6/21/23,9:10,9:44,5,Varari ,Varari_Col5_Dil6_Dark,6,Varari_Day3_Col5_Dil6_Dark_06212023_O2.csv,DARK,RUN25,0,6,,6/15/23,purple,5
6/21/23,9:10,9:44,5,Varari ,Varari_Col5_Dil7_Dark,7,Varari_Day3_Col5_Dil7_Dark_06212023_O2.csv,DARK,RUN25,0,7,,6/15/23,purple,5
6/21/23,9:10,9:44,5,Varari ,Varari_Col5_Dil8_Dark,8,Varari_Day3_Col5_Dil8_Dark_06212023_O2.csv,DARK,RUN25,0,9,,6/15/23,purple,5
6/21/23,9:10,9:44,5,Varari ,Varari_Col5_Dil9_Dark,9,Varari_Day3_Col5_Dil9_Dark_06212023_O2.csv,DARK,RUN25,0,10,,6/15/23,purple,5
6/21/23,10:15,11:27,6,Varari ,Varari_Col6_Dil1_Light,1,Varari_Day3_Col6_Dil1_Light_06212023_O2.csv,LIGHT,RUN26,0,1,,6/15/23,red,6
6/21/23,10:15,11:27,6,Varari ,Varari_Col6_Dil2_Light,2,Varari_Day3_Col6_Dil2_Light_06212023_O2.csv,LIGHT,RUN26,0,2,,6/15/23,red,6
6/21/23,10:15,11:27,6,Varari ,Varari_Col6_Dil3_Light,3,Varari_Day3_Col6_Dil3_Light_06212023_O2.csv,LIGHT,RUN26,0,3,,6/15/23,red,6
6/21/23,10:15,11:27,6,Varari ,Varari_Col6_Dil4_Light,4,Varari_Day3_Col6_Dil4_Light_06212023_O2.csv,LIGHT,RUN26,0,4,,6/15/23,red,6
6/21/23,10:15,11:27,6,Varari ,Varari_Col6_Dil5_Light,5,Varari_Day3_Col6_Dil5_Light_06212023_O2.csv,LIGHT,RUN26,0,5,,6/15/23,red,6
6/21/23,10:15,11:27,6,Varari ,Varari_Col6_Dil6_Light,6,Varari_Day3_Col6_Dil6_Light_06212023_O2.csv,LIGHT,RUN26,0,6,,6/15/23,red,6
6/21/23,10:15,11:27,6,Varari ,Varari_Col6_Dil7_Light,7,Varari_Day3_Col6_Dil7_Light_06212023_O2.csv,LIGHT,RUN26,0,7,,6/15/23,red,6
6/21/23,10:15,11:27,6,Varari ,Varari_Col6_Dil8_Light,8,Varari_Day3_Col6_Dil8_Light_06212023_O2.csv,LIGHT,RUN26,0,9,,6/15/23,red,6
6/21/23,10:15,11:27,6,Varari ,Varari_Col6_Dil9_Light,9,Varari_Day3_Col6_Dil9_Light_06212023_O2.csv,LIGHT,RUN26,0,10,,6/15/23,red,6
6/21/23,12:01,12:38,6,Varari ,Varari_Col6_Dil1_Dark,1,Varari_Day3_Col6_Dil1_Dark_06212023_O2.csv,DARK,RUN26,0,1,,6/15/23,red,6
6/21/23,12:01,12:38,6,Varari ,Varari_Col6_Dil2_Dark,2,Varari_Day3_Col6_Dil2_Dark_06212023_O2.csv,DARK,RUN26,0,2,,6/15/23,red,6
6/21/23,12:01,12:38,6,Varari ,Varari_Col6_Dil3_Dark,3,Varari_Day3_Col6_Dil3_Dark_06212023_O2.csv,DARK,RUN26,0,3,,6/15/23,red,6
6/21/23,12:01,12:38,6,Varari ,Varari_Col6_Dil4_Dark,4,Varari_Day3_Col6_Dil4_Dark_06212023_O2.csv,DARK,RUN26,0,4,,6/15/23,red,6
6/21/23,12:01,12:38,6,Varari ,Varari_Col6_Dil5_Dark,5,Varari_Day3_Col6_Dil5_Dark_06212023_O2.csv,DARK,RUN26,0,5,,6/15/23,red,6
6/21/23,12:01,12:38,6,Varari ,Varari_Col6_Dil6_Dark,6,Varari_Day3_Col6_Dil6_Dark_06212023_O2.csv,DARK,RUN26,0,6,,6/15/23,red,6
6/21/23,12:01,12:38,6,Varari ,Varari_Col6_Dil7_Dark,7,Varari_Day3_Col6_Dil7_Dark_06212023_O2.csv,DARK,RUN26,0,7,,6/15/23,red,6
6/21/23,12:01,12:38,6,Varari ,Varari_Col6_Dil8_Dark,8,Varari_Day3_Col6_Dil8_Dark_06212023_O2.csv,DARK,RUN26,0,9,,6/15/23,red,6
6/21/23,12:01,12:38,6,Varari ,Varari_Col6_Dil9_Dark,9,Varari_Day3_Col6_Dil9_Dark_06212023_O2.csv,DARK,RUN26,0,10,,6/15/23,red,6
6/21/23,12:36,14:09,BLANK,Varari ,Varari_BlankD3_Dil1_Light,1,Varari_Day3_Blank_Dil1_Light_06212023_O2.csv,LIGHT,RUN27,1,1,,6/15/23,N/A,BLANK
6/21/23,12:36,14:09,BLANK,Varari ,Varari_BlankD3_Dil2_Light,2,Varari_Day3_Blank_Dil2_Light_06212023_O2.csv,LIGHT,RUN27,1,2,,6/15/23,N/A,BLANK
6/21/23,12:36,14:09,BLANK,Varari ,Varari_BlankD3_Dil3_Light,3,Varari_Day3_Blank_Dil3_Light_06212023_O2.csv,LIGHT,RUN27,1,3,,6/15/23,N/A,BLANK
6/21/23,12:36,14:09,BLANK,Varari ,Varari_BlankD3_Dil4_Light,4,Varari_Day3_Blank_Dil4_Light_06212023_O2.csv,LIGHT,RUN27,1,4,,6/15/23,N/A,BLANK
6/21/23,12:36,14:09,BLANK,Varari ,Varari_BlankD3_Dil5_Light,5,Varari_Day3_Blank_Dil5_Light_06212023_O2.csv,LIGHT,RUN27,1,5,,6/15/23,N/A,BLANK
6/21/23,12:36,14:09,BLANK,Varari ,Varari_BlankD3_Dil6_Light,6,Varari_Day3_Blank_Dil6_Light_06212023_O2.csv,LIGHT,RUN27,1,6,,6/15/23,N/A,BLANK
6/21/23,12:36,14:09,BLANK,Varari ,Varari_BlankD3_Dil7_Light,7,Varari_Day3_Blank_Dil7_Light_06212023_O2.csv,LIGHT,RUN27,1,7,,6/15/23,N/A,BLANK
6/21/23,12:36,14:09,BLANK,Varari ,Varari_BlankD3_Dil8_Light,8,Varari_Day3_Blank_Dil8_Light_06212023_O2.csv,LIGHT,RUN27,1,9,,6/15/23,N/A,BLANK
6/21/23,12:36,14:09,BLANK,Varari ,Varari_BlankD3_Dil9_Light,9,Varari_Day3_Blank_Dil9_Light_06212023_O2.csv,LIGHT,RUN27,1,10,,6/15/23,N/A,BLANK
6/21/23,14:40,15:17,BLANK,Varari ,Varari_BlankD3_Dil1_Dark,1,Varari_Day3_Blank_Dil1_Dark_06212023_O2.csv,DARK,RUN27,1,1,,6/15/23,N/A,BLANK
6/21/23,14:40,15:17,BLANK,Varari ,Varari_BlankD3_Dil2_Dark,2,Varari_Day3_Blank_Dil2_Dark_06212023_O2.csv,DARK,RUN27,1,2,,6/15/23,N/A,BLANK
6/21/23,14:40,15:17,BLANK,Varari ,Varari_BlankD3_Dil3_Dark,3,Varari_Day3_Blank_Dil3_Dark_06212023_O2.csv,DARK,RUN27,1,3,,6/15/23,N/A,BLANK
6/21/23,14:40,15:17,BLANK,Varari ,Varari_BlankD3_Dil4_Dark,4,Varari_Day3_Blank_Dil4_Dark_06212023_O2.csv,DARK,RUN27,1,4,,6/15/23,N/A,BLANK
6/21/23,14:40,15:17,BLANK,Varari ,Varari_BlankD3_Dil5_Dark,5,Varari_Day3_Blank_Dil5_Dark_06212023_O2.csv,DARK,RUN27,1,5,,6/15/23,N/A,BLANK
6/21/23,14:40,15:17,BLANK,Varari ,Varari_BlankD3_Dil6_Dark,6,Varari_Day3_Blank_Dil6_Dark_06212023_O2.csv,DARK,RUN27,1,6,,6/15/23,N/A,BLANK
6/21/23,14:40,15:17,BLANK,Varari ,Varari_BlankD3_Dil7_Dark,7,Varari_Day3_Blank_Dil7_Dark_06212023_O2.csv,DARK,RUN27,1,7,,6/15/23,N/A,BLANK
6/21/23,14:40,15:17,BLANK,Varari ,Varari_BlankD3_Dil8_Dark,8,Varari_Day3_Blank_Dil8_Dark_06212023_O2.csv,DARK,RUN27,1,9,,6/15/23,N/A,BLANK
6/21/23,14:40,15:17,BLANK,Varari ,Varari_BlankD3_Dil9_Dark,9,Varari_Day3_Blank_Dil9_Dark_06212023_O2.csv,DARK,RUN27,1,10,,6/15/23,N/A,BLANK
6/22/23,6:20,7:25,7,Varari ,Varari_Col7_Dil1_Light,1,Varari_Day4_Col7_Dil1_Light_06222023_O2.csv,LIGHT,RUN28,0,1,,6/15/23,light_green,7
6/22/23,6:20,7:25,7,Varari ,Varari_Col7_Dil2_Light,2,Varari_Day4_Col7_Dil2_Light_06222023_O2.csv,LIGHT,RUN28,0,2,,6/15/23,light_green,7
6/22/23,6:20,7:25,7,Varari ,Varari_Col7_Dil3_Light,3,Varari_Day4_Col7_Dil3_Light_06222023_O2.csv,LIGHT,RUN28,0,3,,6/15/23,light_green,7
6/22/23,6:20,7:25,7,Varari ,Varari_Col7_Dil4_Light,4,Varari_Day4_Col7_Dil4_Light_06222023_O2.csv,LIGHT,RUN28,0,4,,6/15/23,light_green,7
6/22/23,6:20,7:25,7,Varari ,Varari_Col7_Dil5_Light,5,Varari_Day4_Col7_Dil5_Light_06222023_O2.csv,LIGHT,RUN28,0,5,,6/15/23,light_green,7
6/22/23,6:20,7:25,7,Varari ,Varari_Col7_Dil6_Light,6,Varari_Day4_Col7_Dil6_Light_06222023_O2.csv,LIGHT,RUN28,0,6,,6/15/23,light_green,7
6/22/23,6:20,7:25,7,Varari ,Varari_Col7_Dil7_Light,7,Varari_Day4_Col7_Dil7_Light_06222023_O2.csv,LIGHT,RUN28,0,7,,6/15/23,light_green,7
6/22/23,6:20,7:25,7,Varari ,Varari_Col7_Dil8_Light,8,Varari_Day4_Col7_Dil8_Light_06222023_O2.csv,LIGHT,RUN28,0,9,,6/15/23,light_green,7
6/22/23,6:20,7:25,7,Varari ,Varari_Col7_Dil9_Light,9,Varari_Day4_Col7_Dil9_Light_06222023_O2.csv,LIGHT,RUN28,0,10,,6/15/23,light_green,7
6/22/23,7:51,8:25,7,Varari ,Varari_Col7_Dil1_Dark,1,Varari_Day4_Col7_Dil1_Dark_06222023_O2.csv,DARK,RUN28,0,1,,6/15/23,light_green,7
6/22/23,7:51,8:25,7,Varari ,Varari_Col7_Dil2_Dark,2,Varari_Day4_Col7_Dil2_Dark_06222023_O2.csv,DARK,RUN28,0,2,,6/15/23,light_green,7
6/22/23,7:51,8:25,7,Varari ,Varari_Col7_Dil3_Dark,3,Varari_Day4_Col7_Dil3_Dark_06222023_O2.csv,DARK,RUN28,0,3,,6/15/23,light_green,7
6/22/23,7:51,8:25,7,Varari ,Varari_Col7_Dil4_Dark,4,Varari_Day4_Col7_Dil4_Dark_06222023_O2.csv,DARK,RUN28,0,4,,6/15/23,light_green,7
6/22/23,7:51,8:25,7,Varari ,Varari_Col7_Dil5_Dark,5,Varari_Day4_Col7_Dil5_Dark_06222023_O2.csv,DARK,RUN28,0,5,,6/15/23,light_green,7
6/22/23,7:51,8:25,7,Varari ,Varari_Col7_Dil6_Dark,6,Varari_Day4_Col7_Dil6_Dark_06222023_O2.csv,DARK,RUN28,0,6,,6/15/23,light_green,7
6/22/23,7:51,8:25,7,Varari ,Varari_Col7_Dil7_Dark,7,Varari_Day4_Col7_Dil7_Dark_06222023_O2.csv,DARK,RUN28,0,7,,6/15/23,light_green,7
6/22/23,7:51,8:25,7,Varari ,Varari_Col7_Dil8_Dark,8,Varari_Day4_Col7_Dil8_Dark_06222023_O2.csv,DARK,RUN28,0,9,,6/15/23,light_green,7
6/22/23,7:51,8:25,7,Varari ,Varari_Col7_Dil9_Dark,9,Varari_Day4_Col7_Dil9_Dark_06222023_O2.csv,DARK,RUN28,0,10,,6/15/23,light_green,7
6/22/23,16:15,17:22,8,Varari ,Varari_Col8_Dil1_Light,1,Varari_Day4_Col8_Dil1_Light_06222023_O2.csv,LIGHT,RUN29,0,1,,6/15/23,pink,8
6/22/23,16:15,17:22,8,Varari ,Varari_Col8_Dil2_Light,2,Varari_Day4_Col8_Dil2_Light_06222023_O2.csv,LIGHT,RUN29,0,2,,6/15/23,pink,8
6/22/23,16:15,17:22,8,Varari ,Varari_Col8_Dil3_Light,3,Varari_Day4_Col8_Dil3_Light_06222023_O2.csv,LIGHT,RUN29,0,3,,6/15/23,pink,8
6/22/23,16:15,17:22,8,Varari ,Varari_Col8_Dil4_Light,4,Varari_Day4_Col8_Dil4_Light_06222023_O2.csv,LIGHT,RUN29,0,4,,6/15/23,pink,8
6/22/23,16:15,17:22,8,Varari ,Varari_Col8_Dil5_Light,5,Varari_Day4_Col8_Dil5_Light_06222023_O2.csv,LIGHT,RUN29,0,5,,6/15/23,pink,8
6/22/23,16:15,17:22,8,Varari ,Varari_Col8_Dil6_Light,6,Varari_Day4_Col8_Dil6_Light_06222023_O2.csv,LIGHT,RUN29,0,6,,6/15/23,pink,8
6/22/23,16:15,17:22,8,Varari ,Varari_Col8_Dil7_Light,7,Varari_Day4_Col8_Dil7_Light_06222023_O2.csv,LIGHT,RUN29,0,7,,6/15/23,pink,8
6/22/23,16:15,17:22,8,Varari ,Varari_Col8_Dil8_Light,8,Varari_Day4_Col8_Dil8_Light_06222023_O2.csv,LIGHT,RUN29,0,9,,6/15/23,pink,8
6/22/23,16:15,17:22,8,Varari ,Varari_Col8_Dil9_Light,9,Varari_Day4_Col8_Dil9_Light_06222023_O2.csv,LIGHT,RUN29,0,10,,6/15/23,pink,8
6/22/23,17:46,18:22,8,Varari ,Varari_Col8_Dil1_Dark,1,Varari_Day4_Col8_Dil1_Dark_06222023_O2.csv,DARK,RUN29,0,1,,6/15/23,pink,8
6/22/23,17:46,18:22,8,Varari ,Varari_Col8_Dil2_Dark,2,Varari_Day4_Col8_Dil2_Dark_06222023_O2.csv,DARK,RUN29,0,2,,6/15/23,pink,8
6/22/23,17:46,18:22,8,Varari ,Varari_Col8_Dil3_Dark,3,Varari_Day4_Col8_Dil3_Dark_06222023_O2.csv,DARK,RUN29,0,3,,6/15/23,pink,8
6/22/23,17:46,18:22,8,Varari ,Varari_Col8_Dil4_Dark,4,Varari_Day4_Col8_Dil4_Dark_06222023_O2.csv,DARK,RUN29,0,4,,6/15/23,pink,8
6/22/23,17:46,18:22,8,Varari ,Varari_Col8_Dil5_Dark,5,Varari_Day4_Col8_Dil5_Dark_06222023_O2.csv,DARK,RUN29,0,5,,6/15/23,pink,8
6/22/23,17:46,18:22,8,Varari ,Varari_Col8_Dil6_Dark,6,Varari_Day4_Col8_Dil6_Dark_06222023_O2.csv,DARK,RUN29,0,6,,6/15/23,pink,8
6/22/23,17:46,18:22,8,Varari ,Varari_Col8_Dil7_Dark,7,Varari_Day4_Col8_Dil7_Dark_06222023_O2.csv,DARK,RUN29,0,7,,6/15/23,pink,8
6/22/23,17:46,18:22,8,Varari ,Varari_Col8_Dil8_Dark,8,Varari_Day4_Col8_Dil8_Dark_06222023_O2.csv,DARK,RUN29,0,9,,6/15/23,pink,8
6/22/23,17:46,18:22,8,Varari ,Varari_Col8_Dil9_Dark,9,Varari_Day4_Col8_Dil9_Dark_06222023_O2.csv,DARK,RUN29,0,10,,6/15/23,pink,8
6/22/23,18:34,19:44,BLANK,Varari ,Varari_BlankD4_Dil1_Light,1,Varari_Day4_Blank_Dil1_Light_06222023_O2.csv,LIGHT,RUN30,1,1,,6/15/23,N/A,BLANK
6/22/23,18:34,19:44,BLANK,Varari ,Varari_BlankD4_Dil2_Light,2,Varari_Day4_Blank_Dil2_Light_06222023_O2.csv,LIGHT,RUN30,1,2,,6/15/23,N/A,BLANK
6/22/23,18:34,19:44,BLANK,Varari ,Varari_BlankD4_Dil3_Light,3,Varari_Day4_Blank_Dil3_Light_06222023_O2.csv,LIGHT,RUN30,1,3,,6/15/23,N/A,BLANK
6/22/23,18:34,19:44,BLANK,Varari ,Varari_BlankD4_Dil4_Light,4,Varari_Day4_Blank_Dil4_Light_06222023_O2.csv,LIGHT,RUN30,1,4,,6/15/23,N/A,BLANK
6/22/23,18:34,19:44,BLANK,Varari ,Varari_BlankD4_Dil5_Light,5,Varari_Day4_Blank_Dil5_Light_06222023_O2.csv,LIGHT,RUN30,1,5,,6/15/23,N/A,BLANK
6/22/23,18:34,19:44,BLANK,Varari ,Varari_BlankD4_Dil6_Light,6,Varari_Day4_Blank_Dil6_Light_06222023_O2.csv,LIGHT,RUN30,1,6,,6/15/23,N/A,BLANK
6/22/23,18:34,19:44,BLANK,Varari ,Varari_BlankD4_Dil7_Light,7,Varari_Day4_Blank_Dil7_Light_06222023_O2.csv,LIGHT,RUN30,1,7,,6/15/23,N/A,BLANK
6/22/23,18:34,19:44,BLANK,Varari ,Varari_BlankD4_Dil8_Light,8,Varari_Day4_Blank_Dil8_Light_06222023_O2.csv,LIGHT,RUN30,1,9,,6/15/23,N/A,BLANK
6/22/23,18:34,19:44,BLANK,Varari ,Varari_BlankD4_Dil9_Light,9,Varari_Day4_Blank_Dil9_Light_06222023_O2.csv,LIGHT,RUN30,1,10,,6/15/23,N/A,BLANK
6/22/23,20:04,20:36,BLANK,Varari ,Varari_BlankD4_Dil1_Dark,1,Varari_Day4_Blank_Dil1_Dark_06222023_O2.csv,DARK,RUN30,1,1,,6/15/23,N/A,BLANK
6/22/23,20:04,20:36,BLANK,Varari ,Varari_BlankD4_Dil2_Dark,2,Varari_Day4_Blank_Dil2_Dark_06222023_O2.csv,DARK,RUN30,1,2,,6/15/23,N/A,BLANK
6/22/23,20:04,20:36,BLANK,Varari ,Varari_BlankD4_Dil3_Dark,3,Varari_Day4_Blank_Dil3_Dark_06222023_O2.csv,DARK,RUN30,1,3,,6/15/23,N/A,BLANK
6/22/23,20:04,20:36,BLANK,Varari ,Varari_BlankD4_Dil4_Dark,4,Varari_Day4_Blank_Dil4_Dark_06222023_O2.csv,DARK,RUN30,1,4,,6/15/23,N/A,BLANK
6/22/23,20:04,20:36,BLANK,Varari ,Varari_BlankD4_Dil5_Dark,5,Varari_Day4_Blank_Dil5_Dark_06222023_O2.csv,DARK,RUN30,1,5,,6/15/23,N/A,BLANK
6/22/23,20:04,20:36,BLANK,Varari ,Varari_BlankD4_Dil6_Dark,6,Varari_Day4_Blank_Dil6_Dark_06222023_O2.csv,DARK,RUN30,1,6,,6/15/23,N/A,BLANK
6/22/23,20:04,20:36,BLANK,Varari ,Varari_BlankD4_Dil7_Dark,7,Varari_Day4_Blank_Dil7_Dark_06222023_O2.csv,DARK,RUN30,1,7,,6/15/23,N/A,BLANK
6/22/23,20:04,20:36,BLANK,Varari ,Varari_BlankD4_Dil8_Dark,8,Varari_Day4_Blank_Dil8_Dark_06222023_O2.csv,DARK,RUN30,1,9,,6/15/23,N/A,BLANK
6/22/23,20:04,20:36,BLANK,Varari ,Varari_BlankD4_Dil9_Dark,9,Varari_Day4_Blank_Dil9_Dark_06222023_O2.csv,DARK,RUN30,1,10,,6/15/23,N/A,BLANK